EmployeId,YearsAtCompany,YearsInCurrentRole,YearsSinceLastPromotion,YearsWithCurrentManager,TrainingTimesLastYear
IDSL227,13,8,4,1,1
IDSL030,8,7,7,7,2
IDRD581,7,7,0,7,2
IDRD633,10,9,1,8,3
IDRD122,6,2,0,1,3
IDRD438,1,0,0,0,3
IDRD429,6,5,0,7,2
IDRD067,3,1,2,0,3
IDSL343,1,0,0,0,2
IDSL177,5,2,0,3,1
IDHR053,10,6,1,8,3
IDRD590,5,4,1,3,2
IDSL090,10,7,4,8,0
IDRD440,7,0,1,3,5
IDRD715,2,2,1,2,5
IDRD525,3,2,4,0,4
IDRD305,14,15,15,16,2
IDRD384,2,1,2,2,2
IDRD241,6,5,0,5,3
IDRD827,11,0,1,0,3
IDRD599,1,0,0,0,4
IDSL358,2,4,2,2,3
IDSL058,3,2,0,0,0
IDSL282,3,2,0,2,4
IDRD088,0,0,0,6,3
IDRD532,8,3,1,6,5
IDRD577,9,9,1,8,2
IDRD625,9,0,0,1,1
IDSL317,22,12,15,11,2
IDSL165,1,0,0,0,3
IDSL076,8,8,5,7,4
IDSL173,10,0,0,8,2
IDRD057,8,7,0,3,3
IDSL091,13,16,5,17,3
IDRD418,10,7,0,0,4
IDRD729,16,11,1,17,2
IDRD136,5,2,3,2,2
IDRD563,1,1,0,8,2
IDRD762,10,9,1,2,0
IDRD209,5,2,1,2,2
IDSL301,3,2,1,2,2
IDRD074,14,7,1,8,2
IDRD213,4,2,0,3,1
IDSL422,10,8,0,4,3
IDRD836,10,8,0,7,2
IDSL280,12,8,4,15,1
IDRD371,13,12,12,12,2
IDRD773,10,8,4,7,2
IDHR056,2,2,2,2,2
IDRD405,0,0,0,0,3
IDRD187,4,2,0,3,3
IDRD681,20,8,6,7,2
IDRD154,5,3,2,3,2
IDRD645,4,2,0,2,5
IDRD304,2,2,2,2,2
IDSL376,1,0,0,0,6
IDSL356,2,2,0,2,5
IDRD960,8,7,7,7,3
IDRD703,18,6,14,17,3
IDRD301,11,0,0,0,0
IDRD943,10,8,5,8,2
IDRD155,10,12,0,9,2
IDSL017,3,3,2,1,2
IDRD912,7,7,7,5,2
IDHR007,7,7,0,0,3
IDRD251,2,2,2,2,0
IDRD882,5,2,4,2,4
IDRD854,7,7,6,1,2
IDRD055,5,2,1,2,3
IDRD407,4,2,1,2,4
IDRD705,7,4,0,3,0
IDSL172,10,7,1,7,3
IDRD093,8,4,0,9,2
IDRD471,0,3,0,5,3
IDRD017,5,1,1,2,0
IDRD441,4,2,0,2,3
IDRD219,16,10,10,3,0
IDRD423,6,2,1,6,3
IDSL024,8,7,7,7,4
IDRD434,8,3,0,1,1
IDRD373,3,2,1,2,3
IDSL396,8,7,1,6,6
IDRD954,10,7,5,7,2
IDRD491,4,4,0,2,6
IDRD569,10,9,0,8,5
IDSL100,20,8,2,7,3
IDSL041,1,0,0,0,2
IDRD037,9,0,0,0,2
IDHR044,3,2,1,2,4
IDSL064,6,4,1,5,1
IDSL128,1,0,0,0,2
IDHR008,3,2,0,2,3
IDRD013,10,0,4,10,2
IDSL246,19,7,1,10,1
IDRD866,5,3,0,3,4
IDRD201,3,2,2,2,3
IDRD206,10,7,5,8,2
IDRD660,3,2,0,2,2
IDRD642,5,3,0,2,2
IDRD417,3,2,1,2,3
IDSL223,10,7,2,6,3
IDRD523,4,4,1,2,4
IDRD328,4,2,0,3,2
IDSL254,7,3,7,2,2
IDRD409,4,4,1,2,5
IDRD079,17,7,0,7,3
IDRD620,1,8,7,0,5
IDRD601,3,2,0,2,2
IDRD690,1,0,0,0,5
IDSL394,1,0,0,0,1
IDRD036,6,4,1,4,2
IDRD713,3,2,6,3,3
IDSL255,6,4,5,4,4
IDHR061,6,2,2,4,2
IDSL403,1,0,0,0,3
IDRD764,5,3,1,3,5
IDRD387,12,12,14,11,2
IDRD924,10,8,0,7,4
IDRD174,10,8,3,7,2
IDRD717,3,2,0,2,3
IDRD593,21,8,7,9,2
IDRD108,4,3,0,3,2
IDRD364,1,0,0,1,2
IDSL079,5,3,0,4,4
IDRD360,5,3,1,2,4
IDSL297,4,4,0,2,2
IDRD752,6,1,0,1,5
IDRD515,16,7,8,2,4
IDRD419,5,2,3,3,2
IDRD016,0,0,0,0,3
IDSL118,8,7,7,7,5
IDRD254,10,5,1,7,1
IDSL367,0,0,0,0,2
IDRD464,8,4,1,4,6
IDRD506,8,2,2,0,2
IDRD571,5,2,1,3,3
IDRD470,9,4,0,4,4
IDRD049,10,7,9,7,5
IDRD748,3,2,1,2,2
IDRD650,1,0,0,0,5
IDSL327,6,2,0,2,1
IDSL340,9,7,6,7,3
IDRD618,1,0,4,0,2
IDSL109,7,7,5,5,3
IDSL120,33,2,2,2,2
IDRD868,18,6,6,7,5
IDRD247,0,8,7,5,4
IDRD291,9,8,0,7,2
IDHR018,5,3,0,4,2
IDRD406,4,3,1,4,2
IDSL325,6,2,1,2,4
IDSL405,5,5,0,5,2
IDSL378,4,7,0,0,5
IDRD032,6,4,2,2,2
IDRD519,7,5,0,7,1
IDRD119,17,7,11,7,3
IDRD503,15,14,14,13,6
IDSL137,6,2,1,6,2
IDRD415,1,0,0,0,3
IDRD902,7,7,0,4,2
IDRD116,7,3,1,7,4
IDSL418,6,3,0,3,3
IDRD263,9,7,0,7,4
IDRD467,14,16,5,11,2
IDRD437,1,0,0,0,1
IDRD457,24,15,0,9,6
IDSL067,4,3,1,0,3
IDSL373,3,4,0,2,3
IDHR009,3,2,1,12,2
IDRD469,8,1,1,1,3
IDRD708,19,16,11,5,3
IDRD885,5,7,0,2,2
IDRD143,1,7,1,7,0
IDRD442,22,0,1,10,2
IDRD947,25,4,3,0,2
IDRD397,10,6,2,8,4
IDSL020,5,3,1,4,4
IDRD385,4,5,5,4,2
IDRD679,4,2,1,2,5
IDSL178,15,17,3,5,3
IDSL234,2,4,2,0,2
IDHR004,3,1,1,2,2
IDRD427,7,7,1,7,1
IDSL434,8,0,1,2,2
IDRD880,8,1,0,7,6
IDRD317,9,7,0,2,4
IDRD920,5,2,0,3,4
IDRD282,5,5,1,0,5
IDRD021,1,4,0,0,1
IDSL221,1,0,0,0,3
IDRD200,4,3,1,2,3
IDRD436,18,16,15,17,5
IDSL408,11,1,1,7,2
IDSL382,8,7,0,7,2
IDRD114,10,1,2,7,2
IDSL225,9,4,1,0,3
IDRD730,10,7,9,8,2
IDRD524,5,4,0,0,5
IDSL112,10,8,1,9,5
IDSL202,2,2,3,2,2
IDRD890,6,3,0,7,2
IDSL054,5,3,2,1,2
IDRD112,16,17,3,12,3
IDRD661,9,6,6,7,1
IDRD376,1,0,0,0,3
IDRD568,2,2,0,2,3
IDSL235,7,7,7,7,3
IDRD585,1,0,0,0,3
IDSL175,3,7,0,2,3
IDRD624,4,3,3,1,5
IDRD165,3,2,0,0,2
IDHR045,2,2,2,2,3
IDSL107,6,2,1,4,6
IDRD727,10,9,1,2,3
IDRD163,8,8,7,8,3
IDRD536,3,2,0,1,3
IDRD539,3,0,2,2,4
IDRD444,1,8,0,1,3
IDRD505,4,2,1,2,3
IDRD959,5,3,1,3,5
IDSL300,1,0,0,0,2
IDHR064,8,7,2,7,2
IDSL037,10,1,8,8,3
IDRD312,5,3,2,1,3
IDSL071,10,0,4,8,4
IDSL324,3,2,0,2,3
IDRD538,4,2,1,3,3
IDSL154,9,7,0,7,2
IDRD044,10,9,0,8,3
IDSL191,15,4,1,6,4
IDSL347,10,8,4,7,3
IDRD218,8,3,7,7,2
IDSL033,4,2,0,2,2
IDRD189,6,2,0,4,0
IDRD831,5,5,0,1,3
IDRD392,3,2,2,2,0
IDRD299,5,0,0,3,6
IDRD480,7,5,7,7,1
IDSL181,10,9,15,17,3
IDSL122,3,4,0,2,2
IDRD591,1,0,0,0,2
IDRD677,7,7,4,7,2
IDSL026,5,3,0,3,1
IDRD933,8,1,1,7,2
IDRD287,18,17,4,9,2
IDRD859,1,0,0,0,6
IDRD604,1,0,0,0,0
IDSL199,6,0,0,0,4
IDRD426,4,2,0,2,2
IDSL357,5,2,0,2,5
IDSL289,10,9,5,7,2
IDRD619,6,1,0,3,3
IDRD514,22,14,12,12,2
IDRD202,5,2,0,2,2
IDSL322,12,0,3,7,2
IDRD863,5,2,1,2,2
IDRD815,7,7,6,7,2
IDRD344,7,0,2,0,3
IDSL003,9,0,1,0,3
IDSL126,4,6,7,7,6
IDSL057,1,0,0,0,0
IDSL130,8,7,0,7,2
IDRD278,20,6,5,17,5
IDRD852,8,5,7,9,2
IDSL387,1,0,0,0,2
IDRD901,13,2,1,1,2
IDRD097,3,2,0,4,2
IDSL179,2,2,0,2,2
IDRD542,0,7,1,2,3
IDRD232,16,15,5,7,3
IDHR019,5,2,0,3,5
IDRD829,3,4,0,2,2
IDRD105,17,16,13,7,3
IDRD684,9,0,0,0,3
IDRD082,5,2,0,3,6
IDRD065,11,8,8,8,1
IDRD008,3,2,1,2,0
IDRD414,4,2,6,3,3
IDRD828,8,7,0,6,4
IDSL082,10,7,9,8,2
IDSL115,23,2,12,9,3
IDRD175,12,16,12,15,2
IDRD926,13,2,4,2,4
IDSL069,4,0,0,2,2
IDRD770,2,2,2,2,3
IDSL334,12,7,2,2,5
IDRD447,0,8,3,5,3
IDRD358,3,2,4,2,2
IDRD799,3,2,0,2,3
IDRD339,1,0,0,0,4
IDHR063,11,8,4,10,2
IDSL117,6,3,0,0,3
IDSL259,3,2,3,2,2
IDRD857,8,7,1,3,2
IDSL208,1,0,0,0,3
IDSL155,8,4,1,0,2
IDRD158,5,3,1,1,5
IDRD631,4,0,0,2,5
IDRD330,8,1,0,2,2
IDHR021,3,2,2,2,2
IDRD283,20,1,0,8,4
IDRD498,10,7,0,7,2
IDRD368,13,12,3,9,2
IDRD638,1,0,0,0,3
IDRD193,16,7,1,4,3
IDSL101,5,0,1,2,3
IDRD821,6,2,0,3,6
IDRD335,9,7,0,7,1
IDRD459,7,0,1,7,2
IDRD348,10,9,5,7,3
IDSL392,3,3,1,2,2
IDSL113,23,13,1,13,1
IDSL319,3,3,4,0,2
IDRD818,1,1,0,0,5
IDRD341,1,4,0,0,4
IDRD180,13,12,5,7,3
IDRD153,1,0,0,0,3
IDRD572,1,8,0,0,2
IDHR046,4,2,2,2,3
IDRD128,10,17,5,8,4
IDSL080,13,13,1,1,2
IDRD056,6,4,0,2,6
IDRD331,8,6,7,7,3
IDRD462,4,1,1,1,2
IDRD848,23,12,3,8,2
IDSL075,8,7,7,5,4
IDSL273,4,2,0,2,2
IDSL236,17,7,4,16,2
IDRD451,7,7,1,2,3
IDRD586,10,9,1,7,3
IDSL270,4,0,1,3,3
IDRD403,3,2,2,2,2
IDRD623,14,7,6,2,3
IDSL111,5,3,1,2,1
IDHR059,5,0,1,4,4
IDRD009,8,7,0,7,2
IDRD582,13,11,0,9,6
IDRD932,15,13,1,6,3
IDRD110,5,3,1,2,0
IDRD173,2,2,2,2,2
IDRD720,1,0,0,0,1
IDRD802,10,0,0,9,4
IDRD862,0,0,0,0,3
IDRD646,9,7,1,2,2
IDRD746,5,2,0,3,1
IDRD240,29,16,11,4,3
IDRD952,9,3,0,7,2
IDRD927,5,4,0,4,3
IDSL131,10,9,1,8,3
IDRD379,6,3,4,3,4
IDRD917,27,12,14,10,5
IDHR029,10,7,6,0,2
IDRD549,5,4,0,3,3
IDHR043,1,0,0,0,2
IDRD004,4,2,2,2,2
IDSL437,10,7,7,16,1
IDSL072,5,0,0,0,3
IDRD784,15,3,1,7,3
IDRD264,0,9,0,1,5
IDRD963,3,2,1,2,3
IDRD336,1,0,0,0,2
IDRD259,1,0,0,0,4
IDRD936,10,5,15,9,3
IDRD053,5,2,2,2,2
IDRD077,10,7,6,7,2
IDRD796,5,3,0,2,3
IDRD805,3,3,1,1,0
IDSL332,9,4,0,7,2
IDRD813,10,0,0,0,3
IDSL364,9,8,0,8,5
IDSL267,7,2,1,7,4
IDSL187,4,3,4,4,6
IDRD844,2,2,2,0,2
IDRD826,3,2,1,2,4
IDSL415,3,2,11,3,3
IDRD118,7,4,6,1,5
IDRD062,10,9,11,1,2
IDSL087,0,0,0,0,2
IDRD318,0,0,0,0,4
IDSL228,1,8,0,0,2
IDSL385,7,7,0,7,2
IDRD323,7,4,7,7,2
IDRD307,8,7,0,7,2
IDRD508,3,1,3,3,2
IDRD850,3,3,0,2,2
IDRD838,10,8,6,9,3
IDSL419,1,8,0,0,6
IDRD123,1,0,0,0,5
IDRD081,9,4,0,7,3
IDRD603,3,1,3,4,2
IDSL209,4,4,1,3,5
IDRD953,20,7,15,15,2
IDRD402,18,15,11,15,6
IDRD562,10,7,6,8,2
IDSL426,10,7,4,6,2
IDRD738,1,0,0,0,6
IDSL106,6,7,0,2,3
IDSL127,5,4,0,2,2
IDRD567,3,2,4,4,3
IDSL298,13,12,1,11,3
IDRD294,0,0,0,0,0
IDSL005,16,11,5,9,3
IDRD041,18,9,0,9,3
IDSL285,9,3,2,7,0
IDRD597,1,0,0,0,2
IDSL201,9,0,0,0,3
IDRD669,3,3,1,2,2
IDRD092,9,3,0,2,5
IDRD855,7,7,0,7,4
IDRD027,2,2,2,2,3
IDRD071,4,2,1,2,2
IDRD934,10,7,0,9,4
IDRD847,9,2,1,0,1
IDSL242,10,8,12,9,4
IDRD381,1,0,0,0,3
IDSL097,4,3,1,4,2
IDRD493,2,2,2,2,0
IDRD494,24,11,14,7,2
IDRD117,5,2,1,3,4
IDRD169,10,0,1,5,3
IDSL294,9,7,0,7,0
IDRD657,4,3,0,7,6
IDSL352,11,9,8,7,3
IDRD238,1,0,0,0,2
IDSL402,10,9,6,8,1
IDRD313,8,4,0,7,2
IDRD192,1,0,0,0,0
IDRD658,4,2,4,2,5
IDRD162,2,2,2,2,3
IDSL204,4,2,0,2,2
IDSL008,14,4,0,7,5
IDRD211,20,9,6,8,3
IDSL348,19,17,5,8,2
IDRD260,3,2,0,2,3
IDRD195,1,0,0,0,2
IDRD874,0,0,0,0,3
IDRD166,4,3,1,2,2
IDSL244,10,7,0,8,3
IDRD370,1,0,1,0,2
IDRD778,8,7,7,7,5
IDRD481,2,1,0,2,3
IDRD159,5,0,1,3,2
IDRD728,17,8,6,7,2
IDRD691,3,2,1,2,4
IDRD533,1,7,1,0,5
IDRD615,5,4,0,2,2
IDSL004,2,2,2,2,2
IDHR010,3,0,1,2,3
IDRD184,1,0,0,0,0
IDSL271,1,0,0,0,2
IDSL342,9,0,2,1,3
IDRD692,10,6,0,9,4
IDRD747,1,0,0,0,3
IDRD361,5,3,0,3,5
IDSL308,1,0,0,0,2
IDRD946,3,2,0,2,4
IDSL123,10,17,15,7,2
IDRD906,7,7,0,7,5
IDRD664,7,7,4,7,2
IDRD896,4,2,1,2,3
IDSL383,1,0,0,0,2
IDRD759,1,0,0,3,5
IDRD039,1,0,0,0,6
IDSL025,8,7,7,14,3
IDRD501,4,2,0,2,3
IDRD606,7,0,0,7,2
IDRD594,5,0,0,0,2
IDSL012,3,2,1,2,5
IDSL088,4,3,0,2,4
IDRD517,5,2,0,2,3
IDRD300,2,2,1,3,3
IDSL167,21,17,14,8,3
IDRD137,20,9,14,10,3
IDRD622,20,7,6,7,3
IDSL068,3,4,7,2,2
IDSL345,5,4,0,0,2
IDSL346,0,0,0,0,3
IDRD793,7,7,0,7,3
IDSL333,10,17,2,14,2
IDRD783,10,7,0,8,2
IDRD907,2,2,2,2,0
IDRD779,3,2,1,2,5
IDSL306,4,2,1,2,2
IDRD198,2,2,2,2,2
IDRD104,10,8,5,7,6
IDRD181,5,3,1,2,3
IDSL360,20,0,10,4,1
IDRD120,1,0,0,0,1
IDRD942,7,7,0,3,2
IDRD702,19,7,2,8,3
IDSL245,6,3,0,3,0
IDRD190,5,4,1,2,5
IDRD177,7,1,7,0,2
IDRD073,0,7,0,3,3
IDRD400,9,7,0,0,1
IDRD716,9,2,0,2,2
IDRD640,3,2,1,2,2
IDRD769,7,2,1,1,0
IDSL160,10,7,5,7,4
IDRD472,5,2,1,2,2
IDRD877,4,2,0,4,2
IDRD891,6,3,1,7,3
IDSL263,7,7,0,7,1
IDSL217,10,5,0,9,3
IDRD921,7,2,0,7,2
IDRD520,10,8,3,9,3
IDRD810,5,2,1,2,4
IDSL215,3,2,2,2,2
IDSL424,1,0,0,0,6
IDRD544,1,0,0,0,6
IDRD141,10,0,10,7,3
IDSL148,15,1,0,7,2
IDRD678,5,3,1,2,5
IDHR005,0,0,1,0,2
IDSL428,5,3,1,0,5
IDSL393,3,8,1,2,5
IDRD170,7,4,0,7,2
IDRD944,3,2,1,4,2
IDSL163,3,1,0,2,2
IDSL013,0,0,0,0,3
IDSL359,10,6,9,7,3
IDSL410,3,2,0,2,5
IDSL162,7,0,0,7,3
IDRD138,8,7,0,7,2
IDSL354,4,4,0,2,0
IDRD518,21,9,1,11,3
IDRD191,2,2,2,2,3
IDSL272,2,4,4,2,3
IDRD132,17,17,4,3,2
IDRD487,2,2,2,2,1
IDRD377,7,5,1,0,3
IDRD340,7,7,0,7,3
IDRD595,3,1,0,3,2
IDRD248,10,13,0,7,2
IDRD346,23,5,1,12,2
IDRD651,9,7,7,7,0
IDSL014,0,0,0,8,2
IDRD268,15,4,9,3,3
IDSL276,6,3,1,0,2
IDRD366,9,1,2,0,4
IDHR041,2,2,1,2,3
IDRD461,11,0,10,8,3
IDHR026,8,7,0,7,2
IDRD565,4,3,0,5,2
IDRD014,1,0,0,0,6
IDSL142,2,2,2,2,3
IDSL045,5,3,0,1,0
IDSL105,6,3,3,4,2
IDRD592,26,9,6,8,5
IDSL311,4,5,0,3,2
IDRD273,10,10,5,8,2
IDRD554,4,3,0,2,2
IDHR023,5,4,1,4,5
IDSL140,13,8,3,12,3
IDRD709,5,7,2,2,2
IDRD535,9,0,0,1,3
IDHR052,1,0,1,0,3
IDRD194,6,0,1,2,2
IDRD355,3,2,0,2,2
IDRD394,5,4,4,2,3
IDRD204,5,2,1,3,1
IDSL049,6,2,0,2,3
IDSL397,10,7,6,7,2
IDSL125,6,2,0,3,0
IDRD086,2,2,2,2,2
IDRD507,10,10,4,13,3
IDRD699,6,2,0,2,2
IDRD644,3,3,2,2,3
IDRD353,23,14,10,10,4
IDHR034,13,2,1,2,3
IDRD500,1,0,0,0,2
IDSL388,5,5,0,2,3
IDHR003,4,2,2,2,3
IDRD626,2,2,2,2,3
IDRD830,0,3,0,0,5
IDRD757,4,3,1,1,2
IDRD559,7,7,7,8,6
IDRD918,1,8,0,4,2
IDRD798,10,8,6,8,2
IDRD443,3,2,0,0,5
IDRD919,2,2,2,2,2
IDRD375,5,0,0,3,2
IDSL436,2,2,2,2,4
IDRD297,5,3,1,2,4
IDRD303,2,2,2,2,2
IDRD910,5,3,0,3,2
IDRD777,6,4,0,7,2
IDRD098,5,1,0,8,2
IDRD763,5,0,0,0,2
IDSL034,4,3,1,3,1
IDRD484,5,2,0,2,3
IDRD456,10,8,0,0,3
IDSL238,1,0,0,0,3
IDRD106,4,2,0,2,3
IDHR024,2,2,2,1,2
IDRD424,10,7,0,9,1
IDRD411,4,2,1,2,2
IDRD957,20,6,3,7,3
IDRD616,2,2,2,2,2
IDRD196,7,7,0,8,3
IDRD939,5,1,1,4,2
IDRD072,5,3,1,0,3
IDRD408,1,0,0,0,6
IDSL150,1,0,0,0,6
IDRD029,2,2,0,2,2
IDRD807,7,0,0,0,2
IDRD876,5,5,0,2,3
IDRD667,1,0,0,0,2
IDSL023,16,8,5,7,2
IDSL098,6,4,7,3,3
IDRD350,1,8,1,0,2
IDRD486,3,2,1,0,2
IDSL430,5,0,1,3,2
IDRD234,1,0,0,0,6
IDSL286,7,7,1,7,3
IDRD445,5,5,1,3,3
IDSL305,2,2,2,2,2
IDRD135,1,0,1,0,4
IDRD602,4,4,0,4,2
IDRD566,5,2,0,1,2
IDRD475,7,0,7,7,2
IDRD860,12,9,11,6,1
IDRD215,5,4,1,2,3
IDSL089,7,7,0,7,2
IDSL119,4,3,3,3,2
IDRD861,6,2,1,3,0
IDSL269,10,8,1,8,6
IDRD637,7,7,7,7,5
IDRD130,5,0,1,7,2
IDRD477,1,0,0,0,0
IDSL256,2,2,2,2,2
IDRD780,6,5,1,2,2
IDRD733,0,0,0,0,3
IDRD167,15,4,1,8,3
IDHR025,2,2,2,4,3
IDSL063,1,0,0,0,2
IDSL220,2,2,2,2,3
IDRD233,4,2,1,2,3
IDRD808,4,1,0,2,3
IDRD576,0,1,0,0,0
IDRD803,0,0,0,7,3
IDRD342,4,2,2,2,0
IDRD643,20,0,2,0,2
IDRD545,2,2,2,0,3
IDSL022,10,1,1,8,1
IDRD495,1,8,0,8,2
IDSL224,0,0,1,0,5
IDRD210,10,9,4,10,2
IDSL303,1,0,0,0,5
IDRD034,6,3,0,2,2
IDRD103,2,2,1,2,4
IDRD465,3,2,0,2,5
IDRD560,1,0,0,0,2
IDRD455,0,0,0,0,2
IDHR039,1,0,0,0,2
IDRD955,7,2,0,7,2
IDRD529,3,1,1,2,5
IDRD630,10,7,3,8,1
IDRD356,7,3,1,1,3
IDRD895,4,12,0,2,3
IDSL390,1,7,7,7,3
IDRD881,11,9,0,8,3
IDRD001,3,2,2,2,2
IDSL395,4,2,1,0,0
IDRD168,1,0,1,7,0
IDRD432,1,0,0,0,2
IDRD621,12,2,14,7,1
IDRD706,1,0,0,0,2
IDRD121,1,0,0,0,5
IDSL295,8,7,1,7,2
IDRD075,13,9,4,4,3
IDSL413,10,7,0,0,3
IDSL050,10,7,1,7,3
IDRD510,2,2,2,2,2
IDRD812,6,2,0,3,2
IDSL320,3,2,1,2,5
IDSL103,3,3,0,2,3
IDRD712,3,2,0,2,3
IDSL084,7,6,0,7,3
IDRD028,21,9,11,11,3
IDSL341,13,9,9,8,2
IDRD420,4,4,1,4,0
IDSL240,22,6,8,7,3
IDRD707,9,7,1,5,3
IDSL116,5,2,0,3,2
IDRD950,4,2,1,2,2
IDRD235,15,11,3,17,2
IDSL369,10,7,1,8,2
IDSL412,10,9,15,9,2
IDRD951,4,4,1,4,2
IDRD853,1,0,0,0,2
IDRD753,14,11,14,13,4
IDSL391,0,0,0,0,2
IDSL044,2,2,1,2,5
IDRD296,19,9,4,7,3
IDRD298,22,1,2,3,2
IDSL262,14,5,7,8,3
IDRD814,2,2,1,0,3
IDSL180,1,0,0,0,3
IDRD216,14,5,1,12,4
IDSL011,1,0,0,0,3
IDSL134,19,7,0,8,6
IDRD363,9,8,4,0,3
IDRD012,10,14,1,10,1
IDRD428,1,0,0,0,3
IDSL110,9,7,1,0,5
IDRD089,14,11,5,12,3
IDSL353,19,16,4,8,2
IDSL133,8,6,1,7,6
IDRD064,5,3,1,2,6
IDRD102,1,0,0,0,2
IDRD023,2,2,2,2,3
IDRD285,1,0,0,0,3
IDRD388,3,2,2,2,4
IDRD220,4,2,8,3,4
IDRD767,23,12,15,11,2
IDSL438,3,2,2,2,1
IDRD236,2,2,0,2,2
IDRD449,7,7,0,7,3
IDRD315,2,2,2,2,6
IDRD390,5,7,0,2,2
IDRD171,8,3,0,8,2
IDRD270,10,7,0,9,2
IDSL040,2,2,2,2,2
IDRD308,4,4,1,3,0
IDSL192,0,10,0,0,2
IDRD230,10,7,0,10,5
IDRD958,9,7,0,8,4
IDHR027,1,8,0,0,0
IDRD479,0,0,0,0,3
IDRD923,5,4,1,2,2
IDRD596,6,3,7,2,2
IDRD886,8,4,0,7,2
IDSL046,7,7,0,7,3
IDHR012,5,4,4,3,6
IDRD632,7,7,4,4,2
IDRD628,3,7,1,5,2
IDSL001,1,0,0,0,3
IDSL214,8,7,7,7,2
IDRD416,2,2,2,2,2
IDRD685,4,3,1,2,2
IDRD152,3,2,1,2,5
IDRD856,3,2,2,2,3
IDHR017,20,7,10,4,2
IDRD548,2,2,1,1,4
IDRD038,11,6,0,10,0
IDSL261,3,2,2,2,3
IDSL439,1,0,0,0,1
IDRD113,5,5,0,3,1
IDRD349,1,0,0,0,2
IDSL302,19,7,8,8,3
IDSL166,5,4,0,3,3
IDSL031,9,0,0,8,5
IDRD005,7,6,1,1,3
IDRD156,11,8,3,9,2
IDRD019,14,13,3,11,2
IDRD399,2,2,0,1,3
IDSL288,3,2,2,2,3
IDRD672,4,0,0,4,2
IDSL159,8,7,7,7,4
IDRD084,9,7,0,0,5
IDSL059,5,5,5,7,1
IDRD244,3,3,2,2,3
IDSL377,1,8,0,0,3
IDHR006,6,2,0,2,5
IDRD115,4,2,0,0,3
IDSL042,15,7,4,4,3
IDSL102,8,7,1,7,3
IDRD589,5,4,0,3,3
IDRD711,2,2,2,2,3
IDSL425,7,7,0,0,2
IDSL036,5,3,1,2,3
IDSL431,5,3,1,3,3
IDRD579,4,0,1,2,2
IDHR037,3,2,0,2,2
IDRD252,9,0,2,0,2
IDSL363,13,9,2,10,5
IDRD042,2,4,2,2,3
IDRD754,3,2,2,2,2
IDRD580,1,4,1,0,4
IDRD740,10,8,1,8,2
IDRD794,3,2,1,2,4
IDSL283,10,9,0,14,2
IDRD293,10,6,5,17,3
IDRD496,23,16,11,11,3
IDRD884,3,2,0,3,2
IDSL200,1,0,0,2,2
IDRD030,1,0,0,0,4
IDSL275,6,0,0,0,4
IDSL435,3,5,1,3,2
IDSL284,5,2,0,2,2
IDSL205,5,4,1,4,2
IDRD446,1,8,0,7,2
IDRD846,8,7,0,7,2
IDRD871,4,4,1,2,2
IDRD454,9,1,0,0,5
IDRD345,5,3,1,2,3
IDRD922,8,4,0,0,0
IDRD734,1,0,0,0,2
IDRD060,2,2,2,2,2
IDRD054,2,6,7,7,0
IDSL043,1,0,0,4,3
IDRD144,9,2,2,1,6
IDSL085,3,2,2,0,4
IDSL195,0,0,0,0,3
IDRD425,4,2,1,0,2
IDSL315,1,0,0,0,5
IDRD133,1,0,0,0,2
IDRD359,3,2,0,2,2
IDRD894,3,1,2,0,2
IDRD819,7,7,2,7,2
IDRD903,15,13,4,12,3
IDRD095,1,0,0,0,2
IDRD696,3,2,1,2,2
IDSL247,11,0,4,9,1
IDRD635,4,2,0,2,2
IDRD087,8,2,0,1,3
IDRD466,5,1,0,2,2
IDRD310,9,7,0,7,2
IDRD649,2,2,2,2,2
IDRD878,1,7,0,0,2
IDRD587,10,7,0,7,2
IDRD837,4,4,7,1,6
IDSL210,11,7,5,7,3
IDRD940,10,8,7,8,2
IDRD521,11,0,1,9,2
IDSL007,8,4,3,1,3
IDRD654,1,0,0,0,2
IDSL260,4,5,1,7,3
IDRD851,2,2,1,2,2
IDRD774,0,6,0,4,3
IDRD636,1,0,0,0,2
IDRD648,4,2,0,3,3
IDRD022,5,4,0,3,2
IDRD785,10,9,3,8,2
IDRD671,7,7,1,7,2
IDRD265,3,2,1,2,2
IDRD820,4,2,2,3,3
IDRD739,14,16,15,13,3
IDSL018,4,2,0,1,4
IDRD801,2,2,2,2,6
IDRD530,8,7,1,7,2
IDRD600,1,0,0,0,0
IDHR035,4,7,0,2,2
IDRD217,5,2,0,2,2
IDSL243,21,8,5,10,2
IDRD765,1,0,0,0,3
IDRD253,14,6,1,7,0
IDRD320,20,16,13,8,2
IDRD460,5,1,1,3,3
IDRD551,7,4,0,6,3
IDRD504,1,0,0,0,4
IDSL229,5,4,1,2,2
IDHR031,5,1,0,7,2
IDRD741,6,5,2,3,3
IDRD080,9,0,0,0,2
IDHR048,1,0,0,0,4
IDRD915,7,3,0,1,2
IDSL188,8,7,0,1,2
IDSL386,7,7,7,7,2
IDRD608,2,2,1,0,3
IDRD822,1,0,0,0,2
IDRD858,22,8,15,11,3
IDHR047,0,0,0,8,5
IDSL196,18,7,1,9,3
IDRD302,1,7,1,0,2
IDHR057,3,2,0,2,3
IDRD935,5,2,1,3,5
IDRD045,4,1,1,2,0
IDRD889,2,2,1,2,2
IDRD662,5,2,0,4,5
IDSL019,32,9,8,10,4
IDSL328,5,3,0,1,5
IDRD085,9,3,9,0,2
IDRD760,0,0,0,0,4
IDRD288,8,4,0,0,2
IDRD745,19,7,2,0,1
IDRD090,1,0,0,0,3
IDSL226,10,4,0,1,3
IDSL421,3,2,0,2,0
IDRD214,5,0,0,4,4
IDSL389,5,3,0,2,5
IDRD570,33,6,5,8,3
IDSL094,1,0,0,0,2
IDRD756,1,0,0,0,2
IDRD698,3,2,1,3,0
IDRD883,6,2,0,2,4
IDRD750,6,2,0,3,3
IDRD627,3,2,5,2,3
IDSL158,16,8,3,7,2
IDRD835,7,3,3,7,2
IDRD243,0,0,0,0,2
IDRD290,1,0,0,0,6
IDRD393,10,7,4,9,2
IDRD160,8,7,1,8,2
IDRD546,6,3,1,3,3
IDHR016,7,0,7,7,2
IDSL380,2,2,2,2,3
IDRD185,21,8,4,8,2
IDSL184,3,2,2,2,2
IDSL171,7,7,7,7,3
IDRD735,16,15,15,7,2
IDSL147,0,0,7,8,2
IDRD314,5,4,0,2,2
IDRD224,1,0,0,0,2
IDRD550,2,2,0,2,2
IDRD609,3,2,2,2,3
IDRD100,1,0,0,0,3
IDSL146,33,2,4,2,2
IDSL293,31,7,14,7,3
IDRD311,20,8,10,8,3
IDRD558,8,0,1,0,2
IDRD015,5,4,1,3,2
IDSL152,2,2,2,2,2
IDRD281,8,7,0,3,3
IDRD904,1,0,0,0,3
IDRD033,9,0,0,0,3
IDSL374,6,2,1,3,4
IDSL132,6,2,3,2,2
IDSL062,9,2,1,1,4
IDRD145,15,17,5,13,2
IDRD452,8,7,0,7,2
IDRD816,1,0,0,0,5
IDRD433,9,0,1,0,2
IDSL312,12,9,11,15,2
IDHR049,21,16,5,11,2
IDSL338,2,2,1,4,0
IDRD781,23,6,15,2,0
IDSL268,13,5,3,1,2
IDRD274,4,1,0,2,3
IDRD134,2,2,2,2,2
IDRD909,1,0,0,0,2
IDSL104,9,7,0,9,4
IDSL336,9,0,0,0,0
IDRD869,23,7,11,17,3
IDSL441,1,0,0,0,3
IDSL053,9,8,3,6,6
IDRD140,8,4,0,3,3
IDSL361,13,14,3,9,3
IDRD916,3,2,0,2,2
IDSL081,7,0,0,3,5
IDSL339,2,2,2,2,2
IDSL406,26,16,15,11,2
IDRD228,6,2,0,2,3
IDRD795,1,0,0,0,3
IDRD246,24,14,5,12,2
IDRD928,5,1,0,4,3
IDRD179,6,2,4,0,3
IDSL399,21,8,4,9,2
IDSL074,1,0,0,0,2
IDRD476,2,2,2,1,3
IDSL409,10,7,8,9,2
IDHR042,5,3,0,7,2
IDRD289,1,0,0,0,3
IDRD908,5,2,0,1,5
IDSL287,9,3,0,0,3
IDSL237,7,4,5,7,2
IDRD701,10,7,1,7,3
IDRD262,10,8,4,10,2
IDRD652,8,3,0,7,4
IDSL274,2,2,2,2,2
IDRD351,5,3,0,2,0
IDRD647,12,12,15,12,2
IDRD791,7,8,1,7,2
IDSL168,6,8,2,4,3
IDRD937,3,0,4,2,2
IDSL414,8,7,5,7,3
IDRD744,0,0,0,0,2
IDRD258,10,7,3,7,3
IDRD439,6,4,0,2,3
IDSL055,1,0,1,0,2
IDRD395,11,8,11,8,2
IDSL185,5,4,0,3,2
IDSL207,10,7,9,0,3
IDRD945,7,1,7,0,2
IDSL365,2,1,2,2,3
IDRD683,9,0,0,0,1
IDRD553,2,2,4,2,4
IDRD731,10,9,7,4,6
IDRD588,26,9,1,4,2
IDSL250,8,7,1,7,2
IDSL337,1,0,0,0,0
IDRD261,4,2,3,2,6
IDRD326,10,7,1,7,2
IDRD564,5,3,0,3,2
IDRD352,3,0,1,3,2
IDRD513,6,1,1,3,2
IDRD668,2,2,1,2,1
IDRD208,10,3,6,8,2
IDRD020,10,7,15,16,2
IDRD771,9,7,1,8,6
IDSL203,3,2,0,2,5
IDRD431,0,0,0,0,5
IDRD076,1,0,0,0,3
IDSL197,1,0,0,0,3
IDRD333,5,4,0,3,3
IDRD804,2,2,2,2,2
IDRD557,29,6,15,11,3
IDRD078,15,6,1,13,5
IDSL056,16,7,5,17,3
IDSL371,10,9,3,0,3
IDRD319,14,9,3,7,2
IDRD255,8,0,0,6,5
IDRD522,25,7,0,12,3
IDSL316,11,11,5,10,3
IDSL411,2,2,6,7,3
IDSL174,20,10,15,10,2
IDRD186,7,2,0,5,2
IDHR002,3,2,2,2,3
IDRD787,0,4,0,2,5
IDRD354,13,6,4,12,2
IDSL432,5,4,1,3,3
IDRD410,5,2,0,4,5
IDRD435,3,2,2,2,2
IDSL035,2,2,2,3,1
IDSL066,7,4,1,7,4
IDRD892,3,2,1,2,3
IDRD205,7,7,0,7,2
IDRD003,2,2,2,2,4
IDRD573,18,14,13,5,2
IDRD172,9,8,0,8,0
IDRD610,10,9,5,8,2
IDRD478,3,2,4,2,2
IDRD872,3,3,1,3,1
IDRD010,14,4,1,0,2
IDRD357,5,3,1,2,3
IDHR051,5,2,1,2,2
IDSL149,8,2,0,3,4
IDSL161,9,2,2,2,2
IDRD309,6,2,0,2,1
IDRD386,7,3,1,7,4
IDSL218,9,5,7,5,6
IDRD676,5,4,1,4,1
IDRD422,6,3,0,2,3
IDRD841,1,0,0,0,6
IDRD800,5,4,1,2,3
IDSL290,1,0,0,0,2
IDSL330,3,2,0,2,0
IDSL039,8,4,7,7,3
IDRD404,10,7,0,8,2
IDRD199,8,4,0,7,6
IDRD843,2,8,1,1,3
IDRD337,9,7,1,7,2
IDRD047,2,2,3,2,3
IDSL211,3,2,1,2,1
IDSL092,6,2,1,2,3
IDRD714,10,8,0,7,2
IDHR038,8,4,2,0,3
IDRD929,6,3,1,2,2
IDSL095,1,7,0,0,3
IDSL219,4,2,4,2,2
IDRD002,10,6,3,9,5
IDSL310,0,0,0,0,2
IDSL139,2,2,2,2,2
IDRD221,1,0,0,0,2
IDRD040,2,2,2,2,2
IDSL121,6,2,0,4,2
IDRD614,5,2,0,2,2
IDRD249,7,0,0,7,2
IDRD736,7,0,0,4,5
IDSL047,1,0,0,0,3
IDSL233,5,2,0,2,2
IDRD925,10,8,4,9,2
IDRD380,15,11,4,13,1
IDRD732,2,2,2,2,2
IDSL141,21,0,0,0,5
IDSL186,6,2,1,1,5
IDRD391,2,2,2,2,2
IDRD458,1,0,0,0,2
IDRD284,5,2,0,4,2
IDRD700,14,16,4,11,2
IDRD286,3,2,1,4,3
IDSL335,21,0,10,7,2
IDSL083,3,1,6,2,3
IDHR032,6,8,2,6,1
IDHR050,4,0,0,2,5
IDRD229,2,1,4,4,3
IDRD527,7,4,1,7,2
IDRD776,5,2,1,2,4
IDRD612,20,6,11,0,0
IDRD605,10,10,0,8,2
IDSL344,4,3,0,2,2
IDRD583,4,2,4,3,3
IDRD887,7,7,7,1,5
IDRD722,5,3,0,4,3
IDRD347,20,1,1,7,2
IDRD726,7,7,0,7,2
IDRD617,10,8,3,7,6
IDRD031,3,2,0,2,5
IDRD295,31,1,0,0,3
IDRD552,15,3,1,12,2
IDRD124,5,4,1,4,2
IDSL194,15,4,7,7,2
IDRD070,4,3,0,2,2
IDRD182,3,2,2,2,3
IDRD613,4,2,0,3,3
IDSL193,4,1,0,0,3
IDSL151,5,0,1,0,2
IDRD492,6,4,0,0,2
IDSL323,10,7,3,7,2
IDRD488,5,2,1,1,2
IDRD035,5,7,1,2,6
IDRD541,14,15,15,4,2
IDRD670,18,7,1,7,2
IDSL366,5,2,0,2,0
IDHR030,4,3,0,4,6
IDSL027,5,3,0,3,2
IDRD742,0,0,0,0,3
IDSL170,1,0,0,0,2
IDRD111,4,3,1,2,5
IDRD682,8,7,4,7,2
IDSL401,7,7,0,7,3
IDSL206,13,2,12,15,3
IDRD316,2,0,1,2,2
IDRD178,6,2,0,2,6
IDRD197,9,0,1,0,0
IDRD948,4,4,1,0,2
IDSL278,5,3,0,4,2
IDRD607,10,9,4,7,2
IDRD277,4,2,0,1,2
IDRD091,10,6,3,10,6
IDHR054,1,0,0,0,2
IDSL213,6,2,4,0,2
IDRD540,5,4,0,4,2
IDSL372,3,2,1,2,2
IDRD686,1,0,0,7,2
IDRD839,20,0,2,7,3
IDSL108,1,0,0,0,3
IDSL292,6,7,1,4,3
IDSL420,2,2,2,2,2
IDSL114,0,0,0,0,2
IDRD718,11,1,15,7,3
IDRD325,6,2,1,7,4
IDRD797,5,4,0,4,4
IDSL416,4,2,0,2,3
IDRD069,1,0,0,0,2
IDRD941,7,7,0,7,2
IDSL198,3,2,0,1,6
IDRD772,7,7,0,7,2
IDRD834,5,1,1,8,2
IDRD011,1,0,0,1,3
IDRD058,4,3,1,3,5
IDSL182,1,0,0,0,3
IDRD724,2,2,2,2,2
IDRD575,4,2,0,3,4
IDSL006,4,2,0,2,3
IDSL077,2,2,0,2,5
IDRD710,10,9,0,0,2
IDSL099,14,7,7,7,2
IDRD639,2,2,2,2,3
IDSL144,30,8,8,12,2
IDRD448,4,4,1,3,2
IDRD164,1,0,0,0,2
IDRD547,18,17,15,7,2
IDRD421,16,17,15,17,6
IDRD898,2,2,2,2,6
IDRD502,5,4,0,2,2
IDRD737,8,7,7,7,0
IDRD063,13,12,1,2,2
IDRD687,5,2,0,4,3
IDSL257,1,0,0,0,3
IDSL060,3,2,0,2,2
IDRD150,3,5,1,2,2
IDRD840,5,11,0,1,2
IDRD148,5,4,0,3,2
IDRD704,6,2,0,4,3
IDRD949,19,7,1,9,6
IDRD382,10,7,0,7,3
IDSL176,2,2,0,2,2
IDSL355,8,7,0,7,4
IDRD845,11,8,5,7,2
IDRD879,10,8,0,8,3
IDRD914,20,8,9,7,2
IDRD450,5,1,0,4,2
IDRD068,22,9,13,12,2
IDRD809,5,3,0,3,5
IDSL241,6,7,1,5,3
IDRD109,5,8,1,3,2
IDSL252,8,4,0,7,2
IDSL265,10,6,4,16,0
IDSL433,1,0,0,0,3
IDRD250,10,7,1,8,2
IDRD900,14,11,5,15,2
IDRD666,5,0,1,3,2
IDRD142,10,0,4,6,2
IDRD665,9,5,7,7,2
IDSL230,5,3,0,7,5
IDHR055,10,0,2,7,2
IDHR015,10,6,0,8,3
IDRD050,2,2,2,2,2
IDRD655,5,2,0,3,2
IDRD832,1,0,1,0,2
IDRD052,4,2,1,2,4
IDRD499,1,0,0,0,5
IDSL427,5,7,1,3,1
IDSL417,4,2,1,2,5
IDRD269,1,0,1,0,3
IDSL189,5,3,1,4,2
IDRD833,3,0,4,2,2
IDRD786,5,1,0,2,2
IDRD663,0,0,0,0,2
IDRD256,11,10,4,10,2
IDHR062,31,3,11,4,2
IDSL291,16,13,4,12,2
IDRD237,3,5,1,2,2
IDRD332,5,3,1,1,2
IDRD006,5,4,3,3,3
IDRD482,27,7,0,9,3
IDSL279,3,2,1,1,3
IDRD223,5,3,1,4,2
IDRD401,4,3,2,0,6
IDRD413,1,0,4,0,3
IDSL073,1,0,0,0,5
IDHR001,7,7,0,0,3
IDRD279,5,4,0,4,2
IDRD389,4,7,3,4,2
IDRD161,3,2,1,2,1
IDRD674,6,2,4,6,6
IDRD528,5,2,0,2,3
IDRD688,27,16,7,9,2
IDRD673,2,2,2,2,4
IDRD203,14,2,5,12,3
IDRD864,1,0,0,0,2
IDRD101,4,4,1,1,3
IDSL212,10,8,7,7,3
IDRD526,7,2,1,0,3
IDRD817,10,7,0,7,3
IDSL009,7,7,7,2,2
IDRD842,0,0,0,0,5
IDRD266,6,8,0,7,2
IDSL381,2,2,2,2,3
IDRD938,10,7,0,7,2
IDRD275,12,9,3,2,2
IDRD512,5,0,0,4,2
IDSL038,2,2,2,2,2
IDRD659,15,9,1,12,2
IDSL136,3,2,2,2,2
IDRD490,17,8,11,15,0
IDRD453,21,7,3,9,2
IDRD584,4,2,0,2,2
IDSL051,2,2,2,2,2
IDRD964,1,4,0,0,5
IDRD383,5,4,0,3,3
IDRD131,3,2,0,3,2
IDSL309,3,2,1,2,5
IDRD680,4,4,0,3,2
IDRD823,10,0,0,8,2
IDRD127,5,3,1,4,2
IDRD043,18,13,4,16,2
IDSL010,1,0,0,0,2
IDRD695,4,1,1,3,3
IDRD931,8,7,6,7,3
IDSL314,3,2,0,2,4
IDSL153,0,0,0,0,2
IDRD365,2,2,1,2,3
IDRD675,3,2,0,3,6
IDRD245,8,7,1,0,3
IDRD693,1,0,0,0,4
IDRD611,5,2,1,3,2
IDRD367,33,8,0,7,2
IDRD066,5,3,1,4,2
IDSL351,5,7,6,3,3
IDRD051,7,7,4,7,5
IDSL016,18,7,4,7,2
IDRD531,6,2,1,2,2
IDSL281,2,2,1,2,2
IDRD096,1,4,0,1,2
IDRD024,15,4,2,12,3
IDRD792,2,2,2,2,2
IDRD768,8,5,4,6,5
IDRD905,6,2,0,2,2
IDRD280,1,4,0,0,4
IDRD719,7,7,7,7,2
IDRD543,25,0,0,12,2
IDRD046,3,2,2,0,6
IDRD094,9,0,2,0,1
IDRD306,10,9,4,9,3
IDSL313,1,0,0,0,2
IDRD725,5,4,0,3,5
IDSL296,3,2,0,3,3
IDRD497,4,3,1,2,2
IDRD292,25,12,10,2,2
IDRD893,10,7,10,9,3
IDRD242,5,0,0,2,5
IDRD930,2,2,2,2,2
IDRD151,3,2,1,2,2
IDRD629,5,3,1,2,2
IDRD751,2,3,2,2,5
IDSL021,5,4,0,4,3
IDSL249,0,0,0,0,2
IDRD911,1,0,0,0,5
IDRD149,5,2,0,4,5
IDRD865,15,5,7,7,2
IDSL321,1,0,0,0,5
IDSL423,7,7,0,0,2
IDRD212,8,4,7,7,4
IDRD321,7,5,1,7,4
IDRD789,4,0,0,3,2
IDRD694,9,8,7,7,4
IDHR036,1,8,0,7,6
IDRD463,6,0,0,4,2
IDSL277,10,7,2,8,2
IDRD782,1,0,0,0,2
IDSL231,9,0,1,0,2
IDRD824,1,7,0,0,2
IDSL096,10,8,0,9,3
IDRD489,7,7,0,7,2
IDRD059,25,4,10,13,1
IDRD473,3,2,2,2,2
IDRD961,5,4,1,3,3
IDHR028,7,7,1,7,2
IDRD689,5,3,0,7,2
IDRD537,10,8,5,7,5
IDRD555,10,9,8,7,1
IDRD766,4,0,0,0,4
IDSL164,30,6,5,6,2
IDRD867,4,0,1,3,2
IDSL264,3,12,4,4,4
IDRD758,3,2,1,2,4
IDSL266,1,4,0,0,5
IDRD129,10,6,1,8,2
IDRD374,3,3,1,2,2
IDRD369,4,2,2,2,2
IDSL143,1,0,0,0,2
IDSL362,9,0,0,0,3
IDSL129,3,2,0,2,6
IDRD157,14,12,3,2,3
IDRD761,2,2,1,2,5
IDSL124,1,0,0,0,2
IDRD048,8,2,0,0,1
IDSL015,6,4,0,2,5
IDRD888,10,8,5,8,2
IDHR014,6,14,1,14,3
IDRD018,5,1,0,3,4
IDRD870,3,2,1,2,2
IDRD511,13,15,1,9,2
IDRD329,6,4,0,2,2
IDRD485,2,3,1,2,2
IDRD025,6,4,1,2,2
IDSL232,3,2,1,2,0
IDRD227,13,12,11,2,1
IDRD276,0,0,0,0,3
IDRD743,0,0,0,0,5
IDSL093,1,0,0,0,0
IDRD574,5,2,1,2,6
IDRD965,8,3,1,0,3
IDRD338,8,7,0,5,2
IDRD790,8,7,6,7,4
IDSL398,5,4,0,4,3
IDRD139,1,0,0,0,6
IDRD897,2,2,0,2,4
IDRD430,5,4,1,3,1
IDRD362,10,0,0,10,6
IDRD257,5,2,0,2,3
IDSL370,11,10,9,0,3
IDSL404,5,2,1,4,2
IDRD146,5,2,0,7,6
IDRD378,10,7,4,7,2
IDRD509,3,2,1,8,2
IDHR060,2,2,2,2,2
IDSL379,5,3,0,3,2
IDRD107,10,8,14,8,1
IDRD723,4,1,0,0,1
IDHR040,6,4,0,3,1
IDSL384,7,2,0,4,3
IDSL253,1,1,0,0,2
IDRD322,13,2,0,1,5
IDSL048,4,2,0,0,3
IDSL216,7,7,7,7,3
IDRD656,14,4,5,9,3
IDRD226,2,2,2,2,2
IDRD207,7,7,7,7,5
IDSL052,22,2,6,12,5
IDSL400,13,2,0,2,3
IDRD007,10,1,4,7,2
IDRD825,0,0,0,3,3
IDRD125,7,5,7,7,1
IDHR033,1,0,0,0,3
IDRD026,8,7,0,0,1
IDSL070,2,3,0,0,1
IDHR058,10,9,4,8,2
IDHR011,1,0,0,0,3
IDSL157,20,8,9,9,4
IDRD956,13,11,10,4,3
IDSL407,3,2,1,2,5
IDRD271,5,4,6,3,3
IDRD412,5,4,0,1,3
IDSL086,6,2,0,2,3
IDRD372,0,0,1,0,6
IDRD811,10,9,0,8,4
IDSL222,6,1,1,7,3
IDRD634,20,5,0,6,1
IDRD873,10,8,4,9,2
IDHR013,7,7,1,7,2
IDRD578,5,0,0,2,3
IDRD147,9,7,2,2,3
IDRD641,3,2,1,2,6
IDRD598,5,14,1,4,6
IDRD272,2,2,2,2,2
IDRD788,25,16,15,13,3
IDRD749,3,1,1,3,3
IDRD849,6,3,0,2,4
IDSL248,7,9,1,5,6
IDSL350,10,7,5,10,3
IDSL183,10,9,5,7,4
IDRD231,3,2,0,3,3
IDRD755,1,0,0,0,3
IDSL331,14,14,15,10,6
IDSL029,3,1,0,2,2
IDSL239,7,4,0,0,3
IDSL318,1,0,0,0,3
IDRD806,6,7,3,3,5
IDRD556,1,0,0,3,3
IDRD188,3,0,0,1,4
IDSL078,8,6,4,3,2
IDRD468,4,4,1,2,3
IDRD334,7,7,1,1,2
IDRD534,20,7,4,17,3
IDRD324,4,4,1,1,2
IDRD222,5,0,0,7,6
IDSL145,1,1,0,0,6
IDRD396,9,7,3,7,3
IDSL304,9,7,1,7,3
IDSL065,4,2,0,8,5
IDRD083,2,2,2,2,2
IDSL061,10,7,1,4,2
IDSL169,7,7,1,7,2
IDRD327,0,8,5,3,6
IDSL258,10,16,0,9,3
IDRD061,16,8,5,8,6
IDRD239,3,0,1,2,2
IDRD516,1,0,0,0,2
IDRD483,4,2,1,2,2
IDSL028,3,2,1,1,6
IDRD176,4,2,1,3,1
IDRD267,6,3,0,1,4
IDRD126,5,3,0,2,5
IDSL307,3,2,1,0,5
IDRD183,7,7,1,7,2
IDRD225,5,2,1,5,6
IDRD697,6,3,0,0,2
IDRD398,10,7,0,8,2
IDSL368,6,4,0,2,3
IDSL299,5,2,0,2,2
IDSL429,18,17,13,11,4
IDRD721,2,2,0,2,5
IDSL251,30,6,0,6,3
IDSL002,3,2,2,2,2
IDHR020,4,4,5,3,4
IDRD099,1,0,0,0,2
IDRD653,1,0,3,0,2
IDRD875,20,6,10,4,1
IDSL156,7,7,3,7,3
IDSL329,9,7,0,8,2
IDSL349,0,0,0,0,4
IDSL375,11,8,0,7,2
IDSL138,11,7,0,7,2
IDRD343,10,7,0,17,3
IDRD775,20,16,15,15,3
IDSL190,13,8,3,8,2
IDRD561,1,0,0,0,2
IDSL135,2,2,2,0,2
IDRD962,7,7,4,6,3
IDSL032,1,0,0,0,6
IDRD913,2,4,2,4,2
IDRD899,9,8,0,0,2
IDSL326,7,7,4,7,2
IDSL440,8,4,0,7,3
IDHR022,8,4,3,3,3
IDRD474,5,4,1,2,2
