EmployeId,Turnover,Travelling,Satisfaction,Engagement,JobLevel,Last Rating,SalaryHike,Work&Life
IDSL227,No,Sometimes,4,2,2,4,23,3
IDSL030,No,No,4,3,2,3,18,3
IDRD581,No,Sometimes,4,3,4,3,14,4
IDRD633,No,Sometimes,4,3,3,3,19,2
IDRD122,No,Sometimes,1,1,4,3,13,3
IDRD438,No,Mostly,1,2,5,3,13,2
IDRD429,No,Sometimes,4,2,2,3,15,3
IDRD067,No,No,3,3,1,4,24,3
IDSL343,Yes,Sometimes,3,3,1,3,13,3
IDSL177,No,Sometimes,1,3,2,3,15,3
IDHR053,No,Sometimes,4,4,2,4,20,3
IDRD590,No,No,1,2,3,3,12,1
IDSL090,Yes,Sometimes,2,3,3,3,11,3
IDRD440,Yes,Sometimes,4,3,1,3,14,3
IDRD715,Yes,Mostly,1,3,1,4,20,3
IDRD525,Yes,Sometimes,4,3,1,3,11,2
IDRD305,No,Sometimes,1,3,4,3,14,2
IDRD384,No,No,4,3,5,3,13,3
IDRD241,No,Sometimes,3,3,1,3,15,3
IDRD827,No,Sometimes,3,2,2,3,19,3
IDRD599,No,Sometimes,2,3,2,3,14,1
IDSL358,No,Sometimes,1,1,1,3,15,1
IDSL058,No,Sometimes,2,1,2,3,16,3
IDSL282,No,Mostly,3,3,2,4,21,3
IDRD088,Yes,Sometimes,1,4,1,3,14,2
IDRD532,Yes,Sometimes,3,3,1,3,18,3
IDRD577,No,No,4,3,2,3,14,3
IDRD625,Yes,No,2,2,2,3,18,3
IDSL317,No,Sometimes,2,4,4,3,11,3
IDSL165,Yes,Sometimes,3,3,3,3,19,3
IDSL076,Yes,Sometimes,4,2,3,3,11,3
IDSL173,No,Mostly,2,3,3,3,16,3
IDRD057,No,Mostly,3,3,1,3,19,4
IDSL091,No,Sometimes,3,2,1,3,13,4
IDRD418,No,Mostly,4,3,2,3,13,2
IDRD729,No,Sometimes,3,2,3,3,13,3
IDRD136,No,Sometimes,1,3,3,3,13,2
IDRD563,No,Sometimes,4,3,3,4,20,3
IDRD762,No,No,3,4,2,3,14,3
IDRD209,No,Sometimes,2,1,2,3,17,3
IDSL301,No,Sometimes,2,3,2,3,13,3
IDRD074,No,Sometimes,1,4,2,3,11,2
IDRD213,No,No,3,2,2,4,23,3
IDSL422,No,No,4,3,4,4,22,2
IDRD836,No,Mostly,4,3,1,3,16,4
IDSL280,No,Sometimes,3,3,4,3,11,3
IDRD371,No,Sometimes,3,3,2,3,15,3
IDRD773,No,Sometimes,3,3,2,3,17,3
IDHR056,Yes,Mostly,3,2,1,3,15,3
IDRD405,No,No,4,4,1,3,12,2
IDRD187,No,No,1,2,2,4,22,2
IDRD681,Yes,Mostly,1,4,1,3,14,4
IDRD154,No,Sometimes,1,3,4,3,11,2
IDRD645,Yes,No,4,3,1,3,17,3
IDRD304,No,Sometimes,2,3,1,3,12,2
IDSL376,No,Sometimes,1,3,3,3,11,2
IDSL356,No,Mostly,4,3,2,3,16,3
IDRD960,No,Sometimes,3,3,2,3,11,1
IDRD703,No,Sometimes,4,3,5,3,14,3
IDRD301,No,Sometimes,3,4,2,3,12,3
IDRD943,No,Sometimes,3,2,3,4,25,3
IDRD155,No,Mostly,4,3,2,3,13,2
IDSL017,No,Sometimes,3,3,1,3,12,3
IDRD912,No,Sometimes,3,3,3,3,16,3
IDHR007,No,Mostly,4,4,2,3,17,4
IDRD251,No,Sometimes,1,2,2,3,13,3
IDRD882,No,Sometimes,4,3,5,3,13,4
IDRD854,No,No,1,4,4,3,12,3
IDRD055,Yes,Mostly,3,2,1,4,21,3
IDRD407,No,Mostly,4,3,1,3,18,3
IDRD705,No,Mostly,2,2,2,4,22,3
IDSL172,No,Sometimes,1,3,2,3,13,3
IDRD093,No,No,4,2,1,3,12,2
IDRD471,No,Sometimes,3,3,2,4,25,4
IDRD017,No,Sometimes,3,2,2,3,11,3
IDRD441,No,Sometimes,4,3,1,3,14,3
IDRD219,No,No,3,3,2,4,21,2
IDRD423,No,Sometimes,3,3,1,3,14,2
IDSL024,No,Sometimes,4,3,4,4,23,3
IDRD434,No,Sometimes,1,3,2,3,11,3
IDRD373,No,Sometimes,3,3,1,3,11,3
IDSL396,No,Mostly,1,3,2,3,13,3
IDRD954,No,Sometimes,2,3,1,3,13,1
IDRD491,No,Sometimes,3,1,1,4,23,1
IDRD569,No,Sometimes,2,2,2,3,11,4
IDSL100,No,Mostly,3,3,2,3,15,3
IDSL041,Yes,Sometimes,3,3,1,4,23,4
IDRD037,Yes,Mostly,3,2,1,4,23,4
IDHR044,No,Sometimes,2,3,2,3,11,3
IDSL064,No,Sometimes,3,3,2,3,11,3
IDSL128,No,Sometimes,3,4,1,4,25,3
IDHR008,No,Sometimes,4,3,2,3,13,2
IDRD013,No,Mostly,2,2,3,3,18,3
IDSL246,No,Mostly,3,3,3,4,21,3
IDRD866,No,No,4,3,1,3,12,3
IDRD201,No,Mostly,4,3,4,3,15,3
IDRD206,No,Sometimes,2,1,3,3,15,2
IDRD660,No,Mostly,1,3,1,3,18,2
IDRD642,No,Sometimes,1,3,1,3,17,2
IDRD417,No,Sometimes,3,2,1,3,13,2
IDSL223,No,Sometimes,4,3,3,3,11,4
IDRD523,No,Mostly,1,1,2,4,23,2
IDRD328,No,Sometimes,2,3,2,3,15,4
IDSL254,No,Sometimes,1,3,2,3,18,4
IDRD409,No,Sometimes,3,4,2,4,23,3
IDRD079,No,Sometimes,3,3,2,4,20,3
IDRD620,No,Sometimes,4,2,1,3,11,3
IDRD601,No,Sometimes,1,2,1,4,22,2
IDRD690,Yes,Sometimes,3,3,2,3,13,3
IDSL394,No,Sometimes,3,3,5,3,18,2
IDRD036,No,Sometimes,1,1,1,4,24,2
IDRD713,No,Sometimes,4,3,1,3,15,4
IDSL255,No,Mostly,1,4,2,3,12,2
IDHR061,No,Sometimes,1,3,1,4,21,3
IDSL403,No,Mostly,1,2,2,3,13,3
IDRD764,No,Mostly,3,3,2,3,13,2
IDRD387,No,Sometimes,4,3,3,3,15,3
IDRD924,No,Sometimes,4,2,1,3,14,3
IDRD174,No,Sometimes,2,3,1,3,11,3
IDRD717,No,Sometimes,4,2,1,3,15,2
IDRD593,No,No,2,3,4,3,11,3
IDRD108,No,Sometimes,2,3,1,3,12,3
IDRD364,No,Sometimes,4,4,1,3,12,2
IDSL079,No,Sometimes,2,2,2,3,11,3
IDRD360,No,Sometimes,4,3,1,3,11,3
IDSL297,No,Sometimes,3,3,4,3,13,3
IDRD752,No,Sometimes,4,1,1,3,19,3
IDRD515,No,Sometimes,3,3,3,3,12,3
IDRD419,No,Sometimes,2,1,2,3,14,1
IDRD016,No,Mostly,3,3,1,3,12,3
IDSL118,Yes,No,2,3,2,3,13,4
IDRD254,No,Sometimes,4,3,2,3,13,3
IDSL367,Yes,Sometimes,4,3,2,3,16,1
IDRD464,No,Sometimes,3,3,2,3,13,3
IDRD506,No,No,3,3,1,4,22,3
IDRD571,No,Sometimes,3,3,5,3,11,3
IDRD470,No,Sometimes,3,3,1,3,17,3
IDRD049,No,Mostly,3,3,2,3,17,3
IDRD748,No,Sometimes,3,2,1,3,14,4
IDRD650,Yes,Mostly,3,2,1,3,12,3
IDSL327,No,Sometimes,3,4,2,3,19,2
IDSL340,Yes,No,4,3,2,3,14,3
IDRD618,Yes,Mostly,1,2,1,3,11,3
IDSL109,No,Sometimes,2,3,2,3,18,2
IDSL120,No,Sometimes,2,3,3,3,14,3
IDRD868,No,Sometimes,4,4,2,3,16,3
IDRD247,No,Sometimes,4,3,1,3,12,2
IDRD291,No,Sometimes,1,3,3,4,21,2
IDHR018,No,No,3,2,3,4,21,4
IDRD406,Yes,Sometimes,4,2,1,3,17,4
IDSL325,No,Sometimes,2,4,1,3,13,3
IDSL405,No,Mostly,4,3,2,3,19,2
IDSL378,No,Sometimes,4,3,4,3,11,3
IDRD032,No,Sometimes,2,3,3,3,12,3
IDRD519,No,Sometimes,2,3,2,3,18,3
IDRD119,No,Sometimes,3,3,2,3,14,2
IDRD503,No,Sometimes,3,2,3,4,21,3
IDSL137,Yes,Sometimes,4,3,2,3,14,3
IDRD415,No,Mostly,2,2,2,3,19,3
IDRD902,No,Sometimes,3,3,4,3,13,3
IDRD116,No,Sometimes,1,3,3,4,23,3
IDSL418,No,Sometimes,4,3,2,3,13,3
IDRD263,Yes,No,2,4,1,3,17,4
IDRD467,No,Sometimes,3,3,2,3,14,2
IDRD437,No,Sometimes,3,3,1,4,20,4
IDRD457,No,Sometimes,3,2,4,3,13,2
IDSL067,No,No,3,3,1,3,11,3
IDSL373,No,Sometimes,3,3,1,4,25,1
IDHR009,No,No,3,2,2,3,14,4
IDRD469,No,Sometimes,2,3,1,3,14,4
IDRD708,No,Sometimes,3,3,3,4,22,1
IDRD885,No,Sometimes,1,3,1,4,22,3
IDRD143,No,Sometimes,2,3,5,4,15,3
IDRD442,No,Sometimes,3,3,4,3,15,2
IDRD947,No,Sometimes,2,2,1,3,18,3
IDRD397,No,Sometimes,1,2,2,3,11,3
IDSL020,Yes,Mostly,2,4,1,3,18,1
IDRD385,No,Sometimes,2,3,1,3,13,4
IDRD679,No,Sometimes,3,2,1,3,16,3
IDSL178,No,Mostly,4,2,2,3,13,3
IDSL234,Yes,Sometimes,1,3,4,3,11,3
IDHR004,No,No,3,3,4,3,11,3
IDRD427,Yes,Sometimes,3,3,3,3,11,3
IDSL434,No,No,2,3,2,3,15,3
IDRD880,No,Sometimes,3,3,1,3,15,2
IDRD317,Yes,Mostly,4,3,2,3,18,3
IDRD920,Yes,No,4,2,1,3,16,3
IDRD282,No,Mostly,3,3,3,4,20,4
IDRD021,No,Sometimes,3,3,3,3,14,1
IDSL221,No,Mostly,2,3,2,4,21,3
IDRD200,No,Sometimes,4,2,2,3,12,3
IDRD436,No,Sometimes,3,3,3,3,18,3
IDSL408,Yes,Sometimes,2,3,3,3,14,3
IDSL382,No,No,1,3,2,3,11,4
IDRD114,No,Sometimes,1,2,3,4,22,3
IDSL225,Yes,Sometimes,3,2,1,3,13,3
IDRD730,No,Sometimes,4,4,2,3,14,3
IDRD524,No,Mostly,3,2,1,4,25,4
IDSL112,No,No,4,3,2,3,13,3
IDSL202,No,Sometimes,3,3,2,3,11,3
IDRD890,No,Sometimes,2,3,4,3,11,3
IDSL054,No,Sometimes,2,3,2,3,12,2
IDRD112,No,Sometimes,1,3,2,3,15,1
IDRD661,No,Sometimes,3,2,4,3,11,3
IDRD376,No,Sometimes,1,4,1,3,14,3
IDRD568,No,Sometimes,4,3,1,3,11,3
IDSL235,No,Sometimes,3,3,2,3,15,3
IDRD585,No,Mostly,4,4,1,3,12,2
IDSL175,No,Sometimes,2,2,3,3,13,1
IDRD624,No,Sometimes,4,3,1,3,13,3
IDRD165,No,Sometimes,4,4,1,3,11,3
IDHR045,No,Mostly,4,4,2,3,18,3
IDSL107,No,Sometimes,4,3,2,3,14,2
IDRD727,Yes,Sometimes,3,2,1,3,13,3
IDRD163,No,Sometimes,3,2,3,3,13,3
IDRD536,No,Sometimes,3,2,1,3,18,2
IDRD539,No,Sometimes,3,2,1,3,14,3
IDRD444,No,Sometimes,3,2,5,3,13,2
IDRD505,Yes,Sometimes,1,3,1,3,13,1
IDRD959,No,Mostly,4,3,3,3,15,3
IDSL300,Yes,Sometimes,1,2,3,3,11,3
IDHR064,No,Sometimes,3,3,5,3,17,4
IDSL037,No,Sometimes,4,3,3,3,14,3
IDRD312,No,Mostly,4,3,2,4,21,3
IDSL071,No,Sometimes,3,4,5,3,16,1
IDSL324,No,Sometimes,1,3,3,4,21,3
IDRD538,No,Sometimes,3,3,1,3,11,3
IDSL154,No,Sometimes,4,2,2,3,12,3
IDRD044,No,Sometimes,3,3,2,3,11,3
IDSL191,No,Sometimes,1,3,3,3,12,3
IDSL347,Yes,Mostly,3,2,2,3,12,3
IDRD218,No,Sometimes,2,2,3,4,24,3
IDSL033,No,Sometimes,3,2,1,3,11,2
IDRD189,No,No,3,3,1,3,13,3
IDRD831,No,Sometimes,4,2,2,3,19,2
IDRD392,No,Sometimes,1,2,1,3,12,2
IDRD299,No,Sometimes,4,3,1,3,19,3
IDRD480,No,Mostly,3,3,2,3,15,3
IDSL181,No,Mostly,4,2,1,3,18,3
IDSL122,No,No,3,2,2,3,15,4
IDRD591,No,Sometimes,3,3,5,3,12,4
IDRD677,Yes,Sometimes,3,3,3,3,12,3
IDSL026,No,Mostly,4,2,1,3,14,3
IDRD933,No,Sometimes,1,3,1,4,22,1
IDRD287,No,No,4,2,4,4,20,3
IDRD859,No,Sometimes,4,2,1,4,25,3
IDRD604,Yes,Sometimes,2,2,1,3,15,2
IDSL199,No,Sometimes,2,2,2,3,15,3
IDRD426,No,Sometimes,1,4,2,3,12,3
IDSL357,No,Sometimes,3,3,2,3,13,3
IDSL289,No,Sometimes,4,3,2,3,14,3
IDRD619,No,Sometimes,2,2,2,4,20,2
IDRD514,No,Mostly,3,2,3,4,22,3
IDRD202,Yes,No,1,3,1,3,13,3
IDSL322,No,Sometimes,1,2,2,3,15,3
IDRD863,No,Sometimes,3,1,5,4,23,2
IDRD815,No,Sometimes,3,1,5,3,16,3
IDRD344,No,Sometimes,3,3,3,3,16,1
IDSL003,No,Mostly,1,3,5,3,11,3
IDSL126,No,No,3,3,4,3,11,2
IDSL057,Yes,No,1,3,1,3,11,3
IDSL130,No,Mostly,4,3,2,3,11,3
IDRD278,No,Sometimes,2,4,4,3,11,3
IDRD852,No,Sometimes,4,3,2,4,20,3
IDSL387,No,Mostly,4,3,2,3,11,3
IDRD901,No,Sometimes,4,3,1,3,12,2
IDRD097,No,Sometimes,3,3,1,3,16,2
IDSL179,No,No,4,2,2,3,11,1
IDRD542,No,Sometimes,2,3,1,3,14,3
IDRD232,No,Sometimes,2,3,2,3,13,3
IDHR019,No,Sometimes,1,3,3,3,14,3
IDRD829,No,Mostly,4,2,1,4,20,3
IDRD105,No,Mostly,2,3,2,3,12,2
IDRD684,No,Mostly,3,2,1,3,18,2
IDRD082,No,Mostly,3,3,2,3,14,3
IDRD065,No,Sometimes,2,2,1,4,22,3
IDRD008,No,Mostly,3,3,2,3,13,3
IDRD414,No,No,3,2,2,3,14,4
IDRD828,No,Sometimes,4,3,3,3,12,2
IDSL082,No,No,4,3,3,3,25,2
IDSL115,No,Sometimes,3,4,3,3,12,1
IDRD175,No,Sometimes,3,3,5,3,14,3
IDRD926,No,No,1,3,2,3,18,3
IDSL069,No,Sometimes,3,3,2,3,14,2
IDRD770,No,Mostly,3,3,1,3,12,3
IDSL334,No,No,1,2,2,3,18,2
IDRD447,No,Sometimes,2,3,2,3,12,2
IDRD358,No,Sometimes,3,3,2,3,12,2
IDRD799,No,Mostly,1,2,3,3,12,3
IDRD339,No,Sometimes,3,3,1,3,11,4
IDHR063,No,Mostly,3,3,4,3,16,3
IDSL117,Yes,Sometimes,1,2,1,3,12,1
IDSL259,Yes,Mostly,4,3,2,3,13,3
IDRD857,No,Sometimes,2,3,2,3,18,3
IDSL208,Yes,Mostly,1,2,1,3,11,3
IDSL155,Yes,Sometimes,4,3,1,3,16,4
IDRD158,No,Sometimes,3,3,2,3,11,3
IDRD631,No,No,2,2,2,3,14,4
IDRD330,No,Sometimes,3,3,1,4,20,3
IDHR021,No,Sometimes,4,3,1,3,18,3
IDRD283,No,Mostly,2,2,4,4,20,3
IDRD498,No,Sometimes,2,2,3,3,17,2
IDRD368,No,No,2,2,3,3,12,3
IDRD638,Yes,Sometimes,1,3,1,4,23,3
IDRD193,Yes,Sometimes,3,3,5,3,11,3
IDSL101,No,Sometimes,4,4,3,3,12,3
IDRD821,No,No,2,3,1,3,11,3
IDRD335,Yes,Sometimes,4,3,2,3,14,2
IDRD459,No,Sometimes,4,3,2,3,13,3
IDRD348,No,Sometimes,2,3,4,3,14,3
IDSL392,Yes,Sometimes,4,2,2,3,12,4
IDSL113,No,Sometimes,1,3,4,3,13,3
IDSL319,Yes,Sometimes,1,2,5,3,11,4
IDRD818,No,Sometimes,2,3,1,4,21,1
IDRD341,No,Mostly,4,1,1,3,19,3
IDRD180,No,Sometimes,4,3,3,3,14,3
IDRD153,No,No,1,4,2,3,11,4
IDRD572,No,Sometimes,1,2,1,3,13,3
IDHR046,Yes,Mostly,2,3,1,3,18,3
IDRD128,No,Sometimes,3,3,2,3,14,2
IDSL080,No,Sometimes,4,2,2,3,12,3
IDRD056,No,Sometimes,1,4,1,3,13,3
IDRD331,No,Sometimes,2,2,2,4,22,3
IDRD462,Yes,Sometimes,3,2,1,3,12,2
IDRD848,Yes,Sometimes,3,3,3,3,12,3
IDSL075,No,Sometimes,4,3,3,3,17,3
IDSL273,No,No,3,3,3,3,14,2
IDSL236,No,Sometimes,4,3,4,3,19,2
IDRD451,No,Sometimes,4,4,2,3,18,3
IDRD586,No,Sometimes,2,3,2,3,14,3
IDSL270,No,Sometimes,1,3,2,3,14,2
IDRD403,No,No,4,3,2,3,12,3
IDRD623,No,Sometimes,3,2,3,3,14,3
IDSL111,No,Sometimes,4,3,3,3,12,3
IDHR059,No,Mostly,3,4,1,3,11,3
IDRD009,Yes,Sometimes,4,4,2,3,14,3
IDRD582,No,No,3,2,2,4,21,3
IDRD932,No,Mostly,3,1,3,3,11,3
IDRD110,No,Mostly,1,3,1,3,13,4
IDRD173,No,Mostly,3,3,1,4,23,4
IDRD720,No,Sometimes,2,2,1,3,12,2
IDRD802,No,Sometimes,4,2,3,3,19,3
IDRD862,No,Sometimes,4,3,2,4,25,4
IDRD646,No,Sometimes,3,3,3,3,13,3
IDRD746,No,Sometimes,2,3,1,4,25,3
IDRD240,No,Sometimes,3,3,4,4,22,2
IDRD952,No,Mostly,2,3,2,3,12,3
IDRD927,No,Sometimes,2,3,1,3,11,2
IDSL131,No,Sometimes,3,3,2,3,12,3
IDRD379,No,Mostly,3,3,2,3,19,3
IDRD917,No,Sometimes,1,2,4,3,12,1
IDHR029,Yes,Sometimes,1,3,2,3,14,2
IDRD549,No,Sometimes,1,3,1,3,13,4
IDHR043,No,Sometimes,3,4,2,3,11,3
IDRD004,No,Sometimes,4,1,1,3,12,2
IDSL437,No,No,1,3,5,3,14,3
IDSL072,Yes,Mostly,3,3,2,3,17,4
IDRD784,No,Sometimes,1,3,1,3,16,2
IDRD264,No,Sometimes,4,1,1,4,20,2
IDRD963,No,Mostly,4,2,1,3,19,3
IDRD336,No,Sometimes,3,3,1,4,25,3
IDRD259,No,No,4,2,1,4,21,3
IDRD936,Yes,Sometimes,3,2,3,3,12,3
IDRD053,No,Sometimes,4,3,1,3,12,2
IDRD077,No,Mostly,3,3,2,3,13,4
IDRD796,No,Sometimes,1,3,2,3,12,3
IDRD805,No,Mostly,1,2,1,3,11,3
IDSL332,No,Sometimes,1,3,5,3,12,2
IDRD813,No,Sometimes,4,2,1,3,11,3
IDSL364,No,Sometimes,2,3,3,4,21,1
IDSL267,No,Sometimes,3,3,2,3,12,3
IDSL187,No,Sometimes,1,3,2,3,14,2
IDRD844,Yes,Sometimes,1,3,1,3,12,3
IDRD826,Yes,Sometimes,3,2,2,4,23,2
IDSL415,No,Sometimes,2,3,3,3,12,2
IDRD118,No,Sometimes,4,3,1,3,12,3
IDRD062,No,Sometimes,1,4,4,4,20,3
IDSL087,No,Sometimes,4,3,2,3,13,3
IDRD318,Yes,Sometimes,2,3,1,3,12,3
IDSL228,No,Sometimes,3,3,4,3,15,4
IDSL385,No,Sometimes,4,3,2,3,19,2
IDRD323,No,Sometimes,2,2,4,3,11,3
IDRD307,No,Sometimes,1,4,2,3,11,3
IDRD508,No,Sometimes,2,3,1,4,21,3
IDRD850,No,Mostly,4,1,2,4,24,3
IDRD838,No,Sometimes,2,3,1,3,14,3
IDSL419,Yes,Mostly,3,2,4,3,14,4
IDRD123,Yes,Sometimes,4,3,1,3,16,3
IDRD081,No,Sometimes,1,3,2,4,25,3
IDRD603,No,Mostly,1,3,1,3,18,3
IDSL209,No,Sometimes,2,3,2,3,11,3
IDRD953,No,Sometimes,2,3,4,4,21,3
IDRD402,No,Sometimes,2,3,3,3,11,4
IDRD562,No,Sometimes,3,3,3,3,12,2
IDSL426,No,Sometimes,3,2,3,3,11,3
IDRD738,No,No,1,3,1,3,13,3
IDSL106,No,Sometimes,1,2,2,3,19,2
IDSL127,No,Sometimes,1,4,3,3,14,3
IDRD567,Yes,Sometimes,1,2,1,3,12,3
IDSL298,No,Sometimes,3,3,2,3,14,4
IDRD294,Yes,Sometimes,3,3,1,3,13,3
IDSL005,No,Mostly,4,1,2,3,18,3
IDRD041,No,Sometimes,3,3,3,4,23,3
IDSL285,No,No,3,3,3,4,21,2
IDRD597,No,Sometimes,3,3,1,3,13,4
IDSL201,No,Sometimes,3,3,2,3,11,4
IDRD669,No,Sometimes,1,3,1,4,22,3
IDRD092,No,Sometimes,2,3,1,3,18,3
IDRD855,No,Mostly,4,3,3,3,19,4
IDRD027,No,Sometimes,2,3,1,3,11,3
IDRD071,No,Sometimes,1,2,2,3,12,2
IDRD934,No,Sometimes,4,1,2,3,17,3
IDRD847,No,Sometimes,3,4,2,4,21,2
IDSL242,No,Sometimes,4,2,4,3,11,2
IDRD381,No,Mostly,3,3,1,3,11,3
IDSL097,No,No,1,3,3,3,17,3
IDRD493,No,Sometimes,4,4,1,3,12,3
IDRD494,No,Sometimes,3,1,5,3,16,3
IDRD117,No,Sometimes,3,3,1,3,12,2
IDRD169,No,Mostly,1,3,1,3,13,4
IDSL294,No,No,1,4,2,3,12,3
IDRD657,No,Sometimes,3,2,2,3,11,3
IDSL352,No,Sometimes,1,3,2,3,11,3
IDRD238,No,Sometimes,4,3,1,3,13,4
IDSL402,No,Sometimes,2,2,2,4,22,2
IDRD313,No,Sometimes,3,3,1,3,12,3
IDRD192,Yes,Sometimes,1,3,1,3,17,3
IDRD658,No,Sometimes,2,3,3,3,12,3
IDRD162,No,Sometimes,3,3,1,3,12,1
IDSL204,No,Mostly,3,3,2,4,20,3
IDSL008,Yes,Sometimes,3,4,3,3,14,3
IDRD211,No,No,3,3,3,3,15,4
IDSL348,No,No,3,2,5,4,22,3
IDRD260,No,Sometimes,1,4,4,3,13,2
IDRD195,No,Mostly,1,4,1,3,13,3
IDRD874,No,Mostly,1,3,1,4,23,3
IDRD166,Yes,Sometimes,4,2,1,4,21,3
IDSL244,No,Sometimes,1,3,2,3,15,3
IDRD370,No,No,4,3,1,4,22,3
IDRD778,No,No,3,3,4,3,19,3
IDRD481,No,Sometimes,3,3,2,3,16,3
IDRD159,No,No,3,3,1,3,19,3
IDRD728,No,Sometimes,3,4,2,3,12,2
IDRD691,No,No,3,4,2,3,16,4
IDRD533,No,Mostly,1,3,2,3,12,3
IDRD615,No,Sometimes,4,1,2,3,14,3
IDSL004,No,Mostly,2,3,1,3,12,2
IDHR010,No,Sometimes,4,3,2,3,14,2
IDRD184,Yes,Sometimes,1,3,1,3,12,3
IDSL271,No,Sometimes,4,3,2,3,15,4
IDSL342,Yes,No,4,3,1,3,11,3
IDRD692,No,Sometimes,1,3,2,3,13,3
IDRD747,No,No,3,4,1,3,16,3
IDRD361,No,Sometimes,2,3,1,3,18,2
IDSL308,Yes,Sometimes,3,2,1,3,13,2
IDRD946,No,Sometimes,3,1,1,3,12,2
IDSL123,No,Mostly,4,3,3,3,13,4
IDRD906,No,Sometimes,3,3,1,3,12,3
IDRD664,No,Sometimes,4,3,1,3,11,2
IDRD896,No,Sometimes,4,3,1,3,13,2
IDSL383,Yes,Mostly,3,4,1,4,25,3
IDRD759,No,Sometimes,4,3,2,3,15,3
IDRD039,Yes,Sometimes,1,1,1,4,22,3
IDSL025,No,Mostly,2,4,3,3,14,3
IDRD501,No,Sometimes,3,3,1,4,21,3
IDRD606,No,Sometimes,3,3,2,3,13,3
IDRD594,No,Sometimes,2,3,3,3,13,3
IDSL012,No,Sometimes,2,3,2,3,11,3
IDSL088,No,Sometimes,4,3,2,3,17,3
IDRD517,No,Mostly,3,3,1,3,14,2
IDRD300,Yes,Sometimes,2,4,1,3,16,3
IDSL167,No,Mostly,1,3,4,3,11,4
IDRD137,No,Mostly,4,2,4,3,11,3
IDRD622,No,Sometimes,4,3,2,3,15,3
IDSL068,No,Sometimes,4,3,2,3,18,3
IDSL345,Yes,Sometimes,1,3,2,3,12,3
IDSL346,No,Sometimes,1,3,3,3,14,3
IDRD793,No,Mostly,3,2,2,3,12,2
IDSL333,No,Mostly,1,3,3,3,15,3
IDRD783,Yes,Sometimes,3,2,3,3,15,3
IDRD907,No,Sometimes,1,3,1,3,17,4
IDRD779,No,Mostly,3,3,1,3,12,4
IDSL306,No,Sometimes,3,3,1,3,11,4
IDRD198,No,Sometimes,3,4,1,3,17,3
IDRD104,No,Sometimes,3,3,4,4,21,2
IDRD181,No,Sometimes,3,3,2,3,12,2
IDSL360,No,Sometimes,2,2,4,3,12,3
IDRD120,No,Sometimes,1,2,2,3,14,2
IDRD942,No,Mostly,1,3,2,4,20,3
IDRD702,No,No,3,3,3,3,21,2
IDSL245,No,Sometimes,3,2,1,3,11,3
IDRD190,Yes,Mostly,4,3,1,3,13,3
IDRD177,No,No,2,4,2,3,19,2
IDRD073,No,Sometimes,2,2,1,3,11,3
IDRD400,No,Sometimes,3,3,1,3,13,2
IDRD716,No,Sometimes,4,3,1,3,11,4
IDRD640,No,No,4,2,1,3,13,1
IDRD769,No,Mostly,1,3,1,3,11,2
IDSL160,No,Sometimes,3,2,2,3,17,1
IDRD472,No,Sometimes,1,4,1,3,19,2
IDRD877,No,Sometimes,4,2,5,3,11,3
IDRD891,No,Sometimes,3,3,2,3,15,1
IDSL263,No,Mostly,3,3,2,3,16,3
IDSL217,No,Sometimes,3,1,3,3,11,2
IDRD921,No,Mostly,3,2,2,3,16,3
IDRD520,No,Sometimes,2,1,2,3,11,3
IDRD810,No,Sometimes,4,3,1,3,12,3
IDSL215,No,Sometimes,4,3,2,4,25,3
IDSL424,Yes,Sometimes,1,2,1,3,13,3
IDRD544,No,Sometimes,3,3,1,4,23,3
IDRD141,Yes,Sometimes,3,4,1,4,21,3
IDSL148,Yes,Sometimes,2,3,3,3,13,3
IDRD678,No,Sometimes,3,4,1,3,14,2
IDHR005,Yes,Sometimes,4,4,1,3,11,3
IDSL428,Yes,Sometimes,1,4,2,3,15,3
IDSL393,Yes,No,2,1,3,3,18,3
IDRD170,No,Sometimes,4,3,4,3,18,3
IDRD944,No,Sometimes,4,2,2,3,15,3
IDSL163,No,Sometimes,3,2,1,4,21,1
IDSL013,No,Sometimes,4,3,3,4,25,3
IDSL359,No,Mostly,4,3,2,3,13,3
IDSL410,No,Sometimes,4,3,4,3,14,1
IDSL162,No,Sometimes,3,3,1,3,17,2
IDRD138,No,Sometimes,4,3,2,4,24,3
IDSL354,No,No,2,2,2,4,21,3
IDRD518,No,Sometimes,4,3,5,3,12,3
IDRD191,No,Mostly,4,4,1,3,14,3
IDSL272,No,No,4,2,1,3,13,3
IDRD132,Yes,Sometimes,3,1,3,3,14,2
IDRD487,No,Mostly,1,2,1,4,22,3
IDRD377,No,No,4,4,2,3,11,3
IDRD340,No,Sometimes,3,2,2,3,11,3
IDRD595,No,Sometimes,4,3,1,3,13,3
IDRD248,No,Sometimes,3,3,2,3,11,3
IDRD346,Yes,Sometimes,3,3,5,3,12,3
IDRD651,No,Sometimes,1,2,2,3,14,2
IDSL014,No,Sometimes,1,1,3,3,11,2
IDRD268,Yes,Sometimes,4,3,1,4,21,2
IDSL276,Yes,Sometimes,1,3,2,3,12,4
IDRD366,No,Sometimes,2,3,1,3,12,3
IDHR041,No,Sometimes,4,3,2,3,11,3
IDRD461,Yes,Mostly,3,3,3,4,22,4
IDHR026,No,Sometimes,4,3,3,3,15,3
IDRD565,Yes,Sometimes,4,3,2,3,12,3
IDRD014,No,Mostly,4,2,5,3,11,3
IDSL142,Yes,Sometimes,3,3,1,3,12,3
IDSL045,No,Sometimes,1,4,2,4,25,3
IDSL105,No,Mostly,3,2,2,4,23,3
IDRD592,No,Sometimes,4,3,3,3,15,2
IDSL311,No,Mostly,1,3,1,3,11,4
IDRD273,No,Sometimes,4,3,1,3,14,3
IDRD554,No,Sometimes,1,4,1,3,12,2
IDHR023,No,Sometimes,4,3,2,4,23,3
IDSL140,No,No,3,3,4,3,18,2
IDRD709,No,Sometimes,2,3,2,3,17,4
IDRD535,Yes,No,3,4,2,3,17,2
IDHR052,Yes,No,1,3,3,3,14,3
IDRD194,No,Sometimes,1,2,2,3,15,1
IDRD355,No,Sometimes,1,2,1,4,22,3
IDRD394,No,Sometimes,3,3,4,3,16,3
IDRD204,No,Sometimes,4,2,1,3,13,2
IDSL049,No,Mostly,2,3,2,3,19,2
IDSL397,No,Sometimes,3,3,4,3,12,2
IDSL125,No,Mostly,1,4,2,3,19,3
IDRD086,Yes,Sometimes,1,3,1,3,12,2
IDRD507,No,Mostly,3,4,4,3,15,3
IDRD699,No,Sometimes,1,3,1,3,17,1
IDRD644,No,Sometimes,4,3,1,3,14,2
IDRD353,No,Sometimes,4,3,4,3,15,3
IDHR034,No,Mostly,3,3,2,3,16,2
IDRD500,No,Sometimes,4,3,5,4,23,2
IDSL388,No,Sometimes,2,2,3,3,17,3
IDHR003,No,Sometimes,3,3,4,4,21,3
IDRD626,No,Sometimes,3,3,1,3,12,2
IDRD830,No,Sometimes,4,1,1,3,17,2
IDRD757,No,Mostly,3,4,2,3,15,3
IDRD559,No,Sometimes,2,3,2,3,14,4
IDRD918,No,Sometimes,4,2,1,3,18,3
IDRD798,Yes,Mostly,3,3,3,3,17,2
IDRD443,No,Mostly,4,3,1,3,13,3
IDRD919,Yes,Sometimes,4,3,1,3,16,2
IDRD375,No,Sometimes,3,3,1,3,13,2
IDSL436,No,Sometimes,2,3,1,3,16,3
IDRD297,No,Sometimes,4,3,2,3,13,4
IDRD303,No,Sometimes,2,3,1,3,12,3
IDRD910,Yes,Sometimes,1,4,2,3,11,3
IDRD777,No,Mostly,3,4,3,4,21,3
IDRD098,No,Sometimes,1,2,1,3,16,3
IDRD763,No,Sometimes,1,3,4,3,11,3
IDSL034,No,No,4,3,1,3,14,3
IDRD484,No,Mostly,4,2,2,3,13,2
IDRD456,Yes,Sometimes,4,3,1,3,11,3
IDSL238,No,Sometimes,3,1,2,3,14,2
IDRD106,No,Sometimes,2,1,1,4,24,2
IDHR024,Yes,Sometimes,3,3,1,3,18,3
IDRD424,No,Sometimes,2,2,2,4,23,3
IDRD411,No,Sometimes,1,3,1,3,12,2
IDRD957,No,Mostly,3,1,3,4,24,3
IDRD616,No,Sometimes,3,3,2,3,15,3
IDRD196,No,Sometimes,4,3,2,3,13,4
IDRD939,No,No,1,3,1,3,19,4
IDRD072,No,No,2,2,2,4,25,3
IDRD408,Yes,Sometimes,1,2,1,3,14,4
IDSL150,Yes,No,3,3,3,3,15,3
IDRD029,No,Sometimes,3,4,1,3,12,3
IDRD807,No,Mostly,4,3,2,3,16,3
IDRD876,No,Sometimes,1,3,1,4,21,3
IDRD667,No,Sometimes,1,3,1,4,25,3
IDSL023,No,Sometimes,3,3,2,4,21,3
IDSL098,No,No,1,2,2,3,19,3
IDRD350,No,No,3,2,1,3,18,3
IDRD486,No,Mostly,4,1,1,4,20,3
IDSL430,No,Sometimes,3,3,2,3,14,3
IDRD234,Yes,Mostly,3,1,1,3,17,3
IDSL286,No,Sometimes,1,3,2,3,12,2
IDRD445,No,No,4,3,1,3,11,2
IDSL305,Yes,Sometimes,2,3,2,3,15,1
IDRD135,No,Sometimes,3,4,2,3,13,3
IDRD602,No,Mostly,2,3,2,3,18,3
IDRD566,No,Sometimes,1,3,2,3,13,3
IDRD475,Yes,Mostly,3,1,1,3,12,1
IDRD860,No,Sometimes,3,2,3,3,14,2
IDRD215,No,Sometimes,4,3,3,4,21,3
IDSL089,No,Sometimes,1,3,2,3,11,3
IDSL119,Yes,Mostly,2,3,2,3,15,4
IDRD861,No,Sometimes,1,4,4,4,11,3
IDSL269,No,Sometimes,2,2,2,3,15,2
IDRD637,Yes,Sometimes,1,2,1,3,13,1
IDRD130,No,Sometimes,3,3,1,3,14,2
IDRD477,No,No,3,1,1,3,14,3
IDSL256,No,Sometimes,2,3,4,3,11,4
IDRD780,No,No,3,1,2,3,13,3
IDRD733,No,Sometimes,3,4,1,3,14,3
IDRD167,No,Sometimes,4,2,3,3,12,3
IDHR025,No,Sometimes,2,4,3,4,23,3
IDSL063,Yes,Sometimes,4,1,1,3,11,3
IDSL220,No,Mostly,4,3,1,3,13,3
IDRD233,No,Sometimes,4,3,1,3,16,3
IDRD808,Yes,Sometimes,4,3,1,3,11,4
IDRD576,No,Sometimes,4,4,1,4,22,3
IDRD803,No,Sometimes,4,2,1,3,14,4
IDRD342,No,Sometimes,1,4,1,3,16,2
IDRD643,No,Sometimes,2,3,3,3,19,2
IDRD545,Yes,Sometimes,2,2,1,3,13,3
IDSL022,No,Sometimes,2,3,2,3,12,3
IDRD495,Yes,Mostly,2,1,3,4,22,3
IDSL224,Yes,Sometimes,4,2,1,3,12,3
IDRD210,No,Sometimes,4,2,2,4,22,2
IDSL303,Yes,Sometimes,4,3,1,3,11,3
IDRD034,No,Mostly,4,4,3,3,13,3
IDRD103,Yes,Sometimes,3,2,1,4,23,3
IDRD465,No,Sometimes,3,3,1,3,15,2
IDRD560,No,Sometimes,3,2,2,3,12,3
IDRD455,Yes,Sometimes,3,3,1,3,11,3
IDHR039,Yes,Sometimes,1,2,1,3,12,2
IDRD955,No,Sometimes,3,3,2,3,15,3
IDRD529,No,Mostly,3,2,1,3,12,3
IDRD630,No,Mostly,4,3,2,3,11,3
IDRD356,No,Sometimes,4,2,3,3,12,2
IDRD895,No,Sometimes,3,3,1,3,12,2
IDSL390,No,Sometimes,3,3,2,3,19,3
IDRD881,No,Sometimes,1,2,3,3,18,3
IDRD001,No,Sometimes,3,3,1,4,23,3
IDSL395,Yes,Mostly,2,2,2,3,11,3
IDRD168,No,Mostly,2,4,4,4,24,3
IDRD432,Yes,Sometimes,3,3,1,4,25,3
IDRD621,Yes,Mostly,3,3,2,4,20,2
IDRD706,No,No,4,2,1,3,15,4
IDRD121,No,Mostly,3,3,1,4,23,3
IDSL295,No,Sometimes,4,2,3,3,19,3
IDRD075,No,Sometimes,1,3,2,4,20,3
IDSL413,No,Sometimes,3,3,2,3,11,3
IDSL050,No,Sometimes,3,3,2,3,11,3
IDRD510,No,Mostly,4,3,2,3,12,3
IDRD812,No,Mostly,4,2,2,3,11,1
IDSL320,No,Sometimes,1,3,2,3,12,3
IDSL103,No,Sometimes,4,3,1,3,18,3
IDRD712,Yes,Sometimes,3,3,1,3,14,3
IDSL084,No,No,4,1,3,3,14,4
IDRD028,No,Mostly,4,1,4,3,14,3
IDSL341,Yes,No,1,3,2,3,11,1
IDRD420,No,Sometimes,1,4,1,3,15,3
IDSL240,No,Sometimes,3,3,3,3,12,3
IDRD707,No,Sometimes,2,2,3,3,13,3
IDSL116,No,Sometimes,3,2,2,3,12,3
IDRD950,No,Sometimes,2,3,2,3,14,3
IDRD235,No,Sometimes,2,4,2,4,22,3
IDSL369,No,Mostly,4,3,3,4,21,2
IDSL412,No,Sometimes,4,4,2,4,22,3
IDRD951,No,No,1,4,2,4,25,1
IDRD853,Yes,No,3,3,1,3,13,3
IDRD753,Yes,Sometimes,1,2,1,3,14,3
IDSL391,No,Sometimes,2,1,2,4,21,3
IDSL044,No,Sometimes,4,3,2,3,15,3
IDRD296,No,No,3,3,2,3,14,4
IDRD298,No,Mostly,4,1,3,3,15,2
IDSL262,No,Sometimes,3,2,3,4,22,3
IDRD814,No,Sometimes,4,2,1,3,12,3
IDSL180,No,Sometimes,3,2,2,3,12,4
IDRD216,No,Sometimes,4,2,4,3,13,4
IDSL011,No,Sometimes,3,3,2,3,14,3
IDSL134,No,Sometimes,4,3,2,3,11,3
IDRD363,No,Sometimes,4,2,2,3,19,3
IDRD012,No,Mostly,4,2,3,3,17,3
IDRD428,Yes,Sometimes,3,1,1,3,13,3
IDSL110,No,Sometimes,3,1,2,4,23,3
IDRD089,No,Sometimes,1,2,2,3,16,3
IDSL353,No,Sometimes,3,2,3,4,22,3
IDSL133,No,Sometimes,2,3,2,3,12,2
IDRD064,No,Mostly,1,1,1,3,14,2
IDRD102,No,Sometimes,2,3,3,3,16,3
IDRD023,No,Sometimes,4,1,1,3,17,4
IDRD285,No,No,1,2,3,3,18,3
IDRD388,Yes,Sometimes,4,3,1,3,13,3
IDRD220,No,Sometimes,3,2,2,3,12,3
IDRD767,No,Sometimes,1,3,4,3,13,3
IDSL438,No,Sometimes,4,4,2,3,11,3
IDRD236,No,No,4,2,2,3,11,3
IDRD449,No,Sometimes,2,3,1,3,15,3
IDRD315,No,Sometimes,1,2,3,3,13,3
IDRD390,No,Mostly,3,3,3,3,13,4
IDRD171,No,Sometimes,4,3,2,3,15,3
IDRD270,No,Sometimes,3,3,2,3,11,2
IDSL040,No,Mostly,4,3,2,3,14,3
IDRD308,No,Sometimes,3,4,2,4,22,3
IDSL192,No,Sometimes,4,3,2,3,12,3
IDRD230,Yes,Mostly,4,3,2,4,21,3
IDRD958,No,Sometimes,2,2,2,3,14,4
IDHR027,Yes,Sometimes,1,3,1,3,11,4
IDRD479,No,Sometimes,4,3,3,3,17,2
IDRD923,No,Sometimes,2,3,3,3,13,2
IDRD596,No,Mostly,4,4,4,3,13,2
IDRD886,Yes,Mostly,3,2,2,3,11,3
IDSL046,No,Sometimes,3,4,2,3,19,4
IDHR012,No,Sometimes,3,3,4,3,12,3
IDRD632,No,No,3,3,5,3,13,3
IDRD628,No,Mostly,3,4,2,3,11,2
IDSL001,No,Mostly,2,3,1,3,14,3
IDSL214,Yes,Mostly,3,1,3,3,11,1
IDRD416,No,Sometimes,1,2,1,3,12,2
IDRD685,No,Sometimes,1,2,1,3,19,2
IDRD152,No,Sometimes,4,3,2,3,17,3
IDRD856,No,No,1,2,2,3,11,3
IDHR017,No,Mostly,2,3,5,4,22,3
IDRD548,No,Sometimes,1,2,1,3,12,1
IDRD038,Yes,No,1,3,2,3,12,2
IDSL261,No,Sometimes,1,2,4,3,13,2
IDSL439,Yes,Sometimes,3,1,1,3,13,4
IDRD113,Yes,Sometimes,3,3,1,3,17,4
IDRD349,Yes,No,2,2,1,4,20,4
IDSL302,No,Sometimes,2,4,2,3,13,4
IDSL166,No,Mostly,3,2,4,3,13,1
IDSL031,No,Sometimes,3,2,4,3,11,3
IDRD005,No,Sometimes,3,3,2,3,13,3
IDRD156,No,Mostly,3,3,1,3,15,2
IDRD019,No,Sometimes,3,3,4,3,18,3
IDRD399,No,Sometimes,4,3,1,3,17,2
IDSL288,No,Mostly,2,3,1,3,11,3
IDRD672,No,Mostly,4,3,1,3,15,2
IDSL159,No,Sometimes,1,3,3,3,12,3
IDRD084,No,Mostly,3,3,4,3,13,4
IDSL059,No,Sometimes,3,2,3,3,13,3
IDRD244,Yes,Sometimes,1,3,1,3,18,3
IDSL377,No,Sometimes,3,3,2,3,11,3
IDHR006,No,Sometimes,2,3,1,3,13,2
IDRD115,No,Sometimes,4,3,1,3,12,4
IDSL042,No,No,2,4,3,3,11,2
IDSL102,No,Mostly,3,2,2,3,17,3
IDRD589,No,No,3,2,2,3,11,3
IDRD711,No,No,4,3,3,3,13,3
IDSL425,No,Sometimes,1,3,3,3,12,4
IDSL036,No,Sometimes,4,2,1,4,20,3
IDSL431,No,Sometimes,2,3,2,3,11,3
IDRD579,Yes,Mostly,1,2,2,3,13,3
IDHR037,No,Sometimes,3,3,3,3,13,3
IDRD252,No,Sometimes,4,4,2,3,18,3
IDSL363,Yes,Sometimes,2,2,3,3,14,4
IDRD042,No,Sometimes,3,3,1,3,12,3
IDRD754,No,Sometimes,3,3,1,4,25,3
IDRD580,No,Sometimes,4,1,1,3,17,3
IDRD740,No,No,3,1,2,3,13,3
IDRD794,No,Sometimes,3,3,1,3,13,4
IDSL283,No,Mostly,2,3,3,3,14,3
IDRD293,No,Sometimes,4,2,1,3,11,3
IDRD496,No,Sometimes,3,2,5,3,16,3
IDRD884,No,Mostly,4,3,1,3,13,2
IDSL200,Yes,Sometimes,1,3,1,3,13,3
IDRD030,No,Sometimes,1,3,1,3,18,3
IDSL275,Yes,Sometimes,2,2,1,3,11,3
IDSL435,No,Sometimes,4,3,2,3,14,3
IDSL284,No,Sometimes,1,3,1,3,15,3
IDSL205,No,Sometimes,2,4,2,3,12,3
IDRD446,No,Sometimes,4,4,2,3,12,3
IDRD846,No,Sometimes,1,3,2,3,15,3
IDRD871,Yes,Sometimes,2,3,2,3,16,3
IDRD454,No,No,3,4,1,3,12,4
IDRD345,No,Sometimes,3,3,1,3,16,4
IDRD922,No,No,1,2,3,3,12,2
IDRD734,No,Sometimes,4,3,2,3,12,3
IDRD060,No,Sometimes,3,3,1,3,13,3
IDRD054,Yes,Mostly,3,3,3,4,25,2
IDSL043,No,Sometimes,2,3,1,3,18,2
IDRD144,No,No,2,3,3,3,11,2
IDSL085,No,Sometimes,4,4,1,3,13,3
IDSL195,No,Sometimes,4,3,2,3,18,3
IDRD425,Yes,Sometimes,1,2,2,3,14,2
IDSL315,No,Mostly,3,3,4,3,11,3
IDRD133,No,Mostly,3,3,4,3,11,3
IDRD359,No,Sometimes,3,3,2,3,13,3
IDRD894,Yes,Sometimes,1,3,1,3,18,2
IDRD819,No,Mostly,4,3,3,3,11,3
IDRD903,No,Sometimes,3,3,3,3,11,1
IDRD095,Yes,Sometimes,4,3,1,3,11,3
IDRD696,No,Mostly,3,3,1,3,13,2
IDSL247,Yes,Sometimes,4,3,3,3,18,2
IDRD635,No,Sometimes,4,2,1,3,16,2
IDRD087,No,Sometimes,4,4,1,3,13,3
IDRD466,No,Sometimes,3,4,1,4,24,3
IDRD310,No,Sometimes,4,3,1,3,13,4
IDRD649,No,Sometimes,2,2,1,3,14,2
IDRD878,No,Sometimes,3,2,1,3,15,3
IDRD587,Yes,Mostly,1,2,2,3,17,3
IDRD837,Yes,Sometimes,4,3,2,3,19,4
IDSL210,Yes,Mostly,3,3,3,3,12,2
IDRD940,No,Sometimes,4,2,2,3,14,3
IDRD521,Yes,Sometimes,3,3,2,3,17,3
IDSL007,No,Mostly,3,3,2,3,16,2
IDRD654,Yes,Mostly,4,3,1,3,16,3
IDSL260,No,Sometimes,3,3,2,3,19,3
IDRD851,No,Sometimes,4,3,1,3,12,3
IDRD774,No,Mostly,3,3,1,3,15,2
IDRD636,Yes,Sometimes,1,3,1,3,16,4
IDRD648,No,Sometimes,3,3,1,3,11,3
IDRD022,No,Sometimes,1,3,1,3,14,3
IDRD785,No,Mostly,2,3,2,4,20,3
IDRD671,No,Sometimes,2,2,5,3,12,2
IDRD265,No,No,1,2,1,3,11,3
IDRD820,Yes,Mostly,2,3,1,3,13,2
IDRD739,No,Mostly,1,3,3,3,13,2
IDSL018,Yes,Sometimes,2,1,2,3,17,3
IDRD801,No,Sometimes,4,3,1,3,17,3
IDRD530,No,Mostly,1,4,2,3,13,3
IDRD600,No,Mostly,4,2,1,4,20,4
IDHR035,No,Sometimes,3,2,3,4,25,2
IDRD217,No,Sometimes,4,3,4,3,11,4
IDSL243,No,No,2,3,3,3,12,4
IDRD765,No,Mostly,4,3,1,3,15,3
IDRD253,Yes,Sometimes,4,1,3,3,12,2
IDRD320,No,Sometimes,1,2,3,3,15,2
IDRD460,No,Mostly,3,3,3,3,12,2
IDRD551,No,Sometimes,1,3,5,3,11,2
IDRD504,Yes,Sometimes,2,1,1,3,16,1
IDSL229,No,Sometimes,4,3,3,3,14,3
IDHR031,No,No,1,3,3,3,11,3
IDRD741,No,Mostly,4,3,1,3,12,3
IDRD080,No,No,1,3,3,3,18,3
IDHR048,No,No,4,4,5,3,14,2
IDRD915,No,Sometimes,1,2,5,3,13,4
IDSL188,No,Sometimes,4,3,3,3,18,1
IDSL386,Yes,Sometimes,4,3,2,3,13,2
IDRD608,No,Mostly,4,1,1,3,16,3
IDRD822,Yes,Sometimes,1,2,2,4,21,2
IDRD858,No,Sometimes,4,3,3,3,13,2
IDHR047,No,Sometimes,3,3,1,3,15,3
IDSL196,No,Sometimes,2,3,3,3,15,2
IDRD302,No,Sometimes,3,3,1,3,13,1
IDHR057,No,Sometimes,3,3,1,3,11,3
IDRD935,No,Mostly,3,3,2,3,12,3
IDRD045,No,Mostly,3,3,1,3,11,3
IDRD889,No,Sometimes,3,3,1,4,23,3
IDRD662,No,Sometimes,2,3,1,4,25,3
IDSL019,No,Mostly,3,3,4,3,14,2
IDSL328,No,Sometimes,2,1,3,4,21,3
IDRD085,No,Sometimes,3,3,2,4,23,3
IDRD760,No,Mostly,1,3,2,3,14,1
IDRD288,No,Sometimes,4,3,1,4,23,3
IDRD745,No,Sometimes,4,3,2,3,13,2
IDRD090,No,Sometimes,2,2,2,3,12,2
IDSL226,Yes,Sometimes,3,2,2,3,14,3
IDSL421,No,Sometimes,4,3,2,4,25,3
IDRD214,No,Sometimes,3,4,1,3,13,3
IDSL389,Yes,Mostly,4,3,1,3,12,3
IDRD570,Yes,Mostly,4,1,5,4,21,2
IDSL094,No,No,3,4,4,3,15,4
IDRD756,No,Sometimes,3,3,2,3,11,3
IDRD698,No,Mostly,2,3,2,3,14,3
IDRD883,No,Sometimes,4,3,2,3,14,2
IDRD750,No,No,4,3,2,4,22,1
IDRD627,No,Sometimes,3,3,2,3,19,4
IDSL158,Yes,Mostly,2,3,2,3,13,3
IDRD835,No,Mostly,1,3,4,3,18,4
IDRD243,No,Mostly,4,2,1,3,12,3
IDRD290,Yes,Sometimes,4,3,1,3,16,1
IDRD393,No,Mostly,2,2,4,3,13,2
IDRD160,No,Mostly,4,3,1,3,12,2
IDRD546,No,No,4,2,3,4,22,3
IDHR016,No,Sometimes,1,2,1,4,21,2
IDSL380,No,Sometimes,3,3,2,4,22,3
IDRD185,No,Sometimes,4,3,5,3,16,3
IDSL184,No,Sometimes,1,2,1,3,11,2
IDSL171,No,Mostly,2,3,2,3,11,3
IDRD735,No,Mostly,2,2,3,3,14,3
IDSL147,No,Mostly,2,2,2,3,11,3
IDRD314,No,Sometimes,1,3,1,3,13,3
IDRD224,Yes,Sometimes,4,3,1,3,18,3
IDRD550,Yes,Sometimes,2,1,3,3,15,3
IDRD609,Yes,Mostly,2,2,1,3,13,3
IDRD100,No,No,3,3,2,3,13,3
IDSL146,No,Sometimes,4,3,4,3,11,3
IDSL293,Yes,No,1,2,4,3,11,2
IDRD311,No,Mostly,2,3,2,4,24,3
IDRD558,No,Sometimes,2,3,2,3,11,3
IDRD015,Yes,Sometimes,1,2,2,3,17,3
IDSL152,Yes,Mostly,3,3,2,3,19,3
IDRD281,No,No,4,2,2,3,17,3
IDRD904,Yes,Mostly,3,1,1,3,14,1
IDRD033,No,Sometimes,4,4,3,3,16,3
IDSL374,No,Sometimes,4,3,2,3,12,3
IDSL132,Yes,Mostly,4,2,1,3,12,3
IDSL062,No,Mostly,4,3,2,3,14,2
IDRD145,No,Sometimes,4,3,2,3,16,2
IDRD452,No,Mostly,4,3,2,3,14,2
IDRD816,No,Sometimes,3,3,1,3,16,3
IDRD433,No,Sometimes,3,3,2,3,19,3
IDSL312,No,Sometimes,3,2,3,3,12,2
IDHR049,No,Sometimes,1,3,5,3,11,3
IDSL338,Yes,Sometimes,1,4,1,3,15,3
IDRD781,No,Mostly,4,3,3,3,19,2
IDSL268,No,No,3,3,2,4,21,4
IDRD274,No,No,4,4,1,4,21,3
IDRD134,No,Sometimes,3,2,1,3,19,3
IDRD909,Yes,Mostly,3,3,1,3,11,2
IDSL104,No,Sometimes,2,2,2,3,14,2
IDSL336,No,Mostly,3,2,2,3,15,3
IDRD869,No,No,1,2,3,3,15,2
IDSL441,No,Sometimes,4,3,2,3,11,2
IDSL053,No,Sometimes,2,3,3,4,20,2
IDRD140,No,Sometimes,3,2,1,3,18,3
IDSL361,No,Sometimes,1,3,2,3,12,3
IDRD916,No,Sometimes,4,3,3,3,16,3
IDSL081,No,No,3,3,2,4,20,3
IDSL339,No,Sometimes,1,3,2,3,16,3
IDSL406,No,Mostly,1,3,4,3,13,3
IDRD228,Yes,Mostly,1,2,1,3,15,2
IDRD795,No,Mostly,4,3,1,3,19,2
IDRD246,No,Sometimes,4,2,4,3,16,3
IDRD928,Yes,Sometimes,1,2,1,3,14,4
IDRD179,No,Sometimes,4,2,3,3,12,3
IDSL399,No,Mostly,4,1,4,3,11,3
IDSL074,Yes,Sometimes,2,3,1,4,23,3
IDRD476,No,Sometimes,4,2,1,3,14,2
IDSL409,No,Sometimes,2,3,2,3,16,3
IDHR042,Yes,Mostly,4,2,3,3,12,3
IDRD289,No,Sometimes,3,3,4,3,12,3
IDRD908,No,Sometimes,1,3,1,3,16,3
IDSL287,No,Sometimes,4,3,2,4,21,3
IDSL237,Yes,Sometimes,4,2,2,3,12,4
IDRD701,No,Sometimes,4,3,2,3,19,3
IDRD262,No,Mostly,4,2,3,3,14,2
IDRD652,No,Sometimes,1,3,4,3,16,3
IDSL274,Yes,Sometimes,3,3,1,3,14,2
IDRD351,No,No,2,2,1,3,13,3
IDRD647,No,Mostly,3,3,4,3,11,3
IDRD791,No,Sometimes,3,3,3,3,11,3
IDSL168,No,Sometimes,2,3,5,3,11,4
IDRD937,No,No,4,1,3,3,15,3
IDSL414,Yes,Sometimes,4,2,2,3,12,4
IDRD744,No,Sometimes,3,2,1,3,11,3
IDRD258,No,No,3,3,2,3,18,3
IDRD439,No,Sometimes,1,3,2,4,23,3
IDSL055,No,Sometimes,2,3,3,3,12,3
IDRD395,No,Sometimes,3,3,5,3,14,3
IDSL185,No,Mostly,2,2,1,4,21,4
IDSL207,Yes,Sometimes,1,3,1,3,16,3
IDRD945,Yes,No,4,4,3,4,22,4
IDSL365,No,Sometimes,2,3,3,3,16,3
IDRD683,No,Sometimes,4,3,4,3,16,3
IDRD553,No,Sometimes,2,3,2,3,12,4
IDRD731,No,Sometimes,3,3,3,4,21,3
IDRD588,No,Sometimes,4,1,4,4,22,3
IDSL250,No,Sometimes,2,3,2,3,12,3
IDSL337,No,Sometimes,1,2,2,3,14,3
IDRD261,No,Sometimes,1,3,1,3,11,4
IDRD326,No,Sometimes,3,3,1,3,14,3
IDRD564,No,Sometimes,2,2,1,3,12,3
IDRD352,Yes,Sometimes,4,3,1,4,21,2
IDRD513,No,Sometimes,3,4,2,3,13,3
IDRD668,Yes,Sometimes,3,1,1,4,25,3
IDRD208,No,Sometimes,3,4,2,4,22,3
IDRD020,No,Sometimes,4,3,2,4,23,3
IDRD771,Yes,Sometimes,4,4,1,3,12,3
IDSL203,No,Sometimes,4,3,2,3,14,3
IDRD431,Yes,Sometimes,4,3,1,3,11,2
IDRD076,No,Sometimes,1,4,1,3,13,3
IDSL197,No,Sometimes,2,2,2,3,12,4
IDRD333,No,Sometimes,3,2,3,3,19,3
IDRD804,Yes,Sometimes,3,3,1,3,11,4
IDRD557,No,Sometimes,3,2,4,3,13,3
IDRD078,No,No,3,1,3,4,23,4
IDSL056,No,Mostly,3,3,2,3,13,3
IDSL371,No,Mostly,4,3,2,4,22,3
IDRD319,No,No,2,2,2,3,14,4
IDRD255,Yes,Mostly,2,3,2,4,22,3
IDRD522,No,Sometimes,4,3,3,3,11,4
IDSL316,No,Sometimes,3,3,3,3,12,3
IDSL411,No,Sometimes,4,3,2,3,16,1
IDSL174,No,No,3,3,3,3,12,1
IDRD186,No,Mostly,1,3,2,3,16,3
IDHR002,No,Sometimes,4,2,2,4,21,2
IDRD787,No,Sometimes,1,3,1,3,17,2
IDRD354,No,Sometimes,4,3,3,3,11,3
IDSL432,No,No,3,3,2,3,14,3
IDRD410,No,Sometimes,1,2,1,4,20,4
IDRD435,No,Sometimes,4,3,1,3,12,3
IDSL035,No,Sometimes,1,3,2,3,18,4
IDSL066,No,Sometimes,4,2,2,3,14,2
IDRD892,No,Sometimes,4,3,1,3,11,3
IDRD205,No,Sometimes,3,3,1,3,11,3
IDRD003,No,Sometimes,2,2,1,3,18,4
IDRD573,Yes,Sometimes,2,2,4,3,14,3
IDRD172,No,Mostly,4,3,2,3,12,3
IDRD610,No,Sometimes,4,1,1,3,13,3
IDRD478,No,Sometimes,4,3,2,3,14,2
IDRD872,No,Mostly,4,3,1,3,15,3
IDRD010,No,Sometimes,1,3,1,3,14,3
IDRD357,No,Sometimes,1,4,3,3,11,2
IDHR051,No,Mostly,1,3,2,3,12,2
IDSL149,No,Sometimes,2,3,2,3,12,3
IDSL161,No,Sometimes,4,2,2,3,11,2
IDRD309,No,Mostly,3,3,1,3,16,2
IDRD386,No,Mostly,3,3,2,3,12,3
IDSL218,No,Sometimes,3,3,4,3,11,4
IDRD676,No,Mostly,4,3,1,3,18,3
IDRD422,No,Sometimes,3,3,1,3,14,2
IDRD841,No,Sometimes,4,2,2,3,12,3
IDRD800,No,Sometimes,4,4,1,3,18,3
IDSL290,No,Sometimes,3,2,3,4,22,4
IDSL330,No,Sometimes,3,2,2,3,15,3
IDSL039,Yes,Mostly,4,4,2,3,14,3
IDRD404,No,Sometimes,3,4,2,4,21,3
IDRD199,No,Sometimes,2,3,3,3,13,3
IDRD843,No,Sometimes,4,3,4,4,24,2
IDRD337,No,Mostly,1,2,3,3,12,4
IDRD047,Yes,No,3,1,1,3,19,3
IDSL211,No,Sometimes,2,2,2,3,14,3
IDSL092,No,No,3,3,2,3,14,2
IDRD714,No,Mostly,1,2,2,3,14,3
IDHR038,No,Sometimes,3,2,2,3,19,3
IDRD929,No,Mostly,2,3,1,3,13,3
IDSL095,No,Sometimes,1,3,1,3,17,2
IDSL219,No,Sometimes,3,2,2,4,22,1
IDRD002,No,Sometimes,3,3,3,3,16,3
IDSL310,Yes,Sometimes,3,4,1,3,17,3
IDSL139,No,Mostly,1,2,2,3,14,3
IDRD221,Yes,Sometimes,1,3,1,3,18,2
IDRD040,Yes,Sometimes,2,3,1,3,13,3
IDSL121,No,Sometimes,2,3,2,3,12,2
IDRD614,Yes,Sometimes,1,2,1,3,14,2
IDRD249,Yes,Mostly,3,3,3,3,11,4
IDRD736,No,Sometimes,3,3,1,3,11,3
IDSL047,Yes,Mostly,1,3,1,3,13,3
IDSL233,No,Sometimes,3,2,1,3,12,4
IDRD925,Yes,Sometimes,1,2,2,3,15,2
IDRD380,No,Sometimes,4,3,5,3,15,3
IDRD732,No,Sometimes,1,3,2,3,12,2
IDSL141,No,Sometimes,2,3,4,3,16,2
IDSL186,No,Sometimes,3,3,3,3,12,2
IDRD391,No,Mostly,1,2,1,4,23,3
IDRD458,No,Sometimes,3,3,2,3,16,2
IDRD284,No,No,2,3,1,3,14,3
IDRD700,No,Mostly,3,2,3,3,12,3
IDRD286,No,Sometimes,4,2,3,3,11,3
IDSL335,No,Sometimes,1,3,4,4,23,3
IDSL083,No,Sometimes,1,4,2,3,16,1
IDHR032,No,Sometimes,4,3,3,3,11,4
IDHR050,No,Sometimes,4,3,1,3,19,3
IDRD229,No,Sometimes,1,3,5,3,14,4
IDRD527,No,Sometimes,4,3,3,3,15,3
IDRD776,No,Sometimes,3,4,1,3,12,3
IDRD612,No,Sometimes,4,3,5,3,13,3
IDRD605,No,Sometimes,1,3,2,3,13,3
IDSL344,No,Sometimes,1,2,2,3,15,4
IDRD583,No,Sometimes,4,3,1,3,14,3
IDRD887,No,Sometimes,3,2,2,3,12,3
IDRD722,Yes,Sometimes,3,3,1,4,20,3
IDRD347,No,Sometimes,4,2,2,3,13,4
IDRD726,No,Sometimes,3,4,1,4,21,4
IDRD617,No,Sometimes,4,4,2,3,13,3
IDRD031,No,Mostly,4,2,1,4,23,2
IDRD295,No,Mostly,3,3,4,3,12,3
IDRD552,No,Sometimes,1,3,2,4,23,3
IDRD124,No,Mostly,2,3,1,4,20,3
IDSL194,No,Sometimes,1,2,5,3,11,3
IDRD070,No,Sometimes,3,3,3,4,21,3
IDRD182,No,Sometimes,1,1,1,4,21,2
IDRD613,No,Sometimes,4,3,3,3,16,3
IDSL193,No,Sometimes,2,2,1,3,19,3
IDSL151,No,Mostly,4,3,5,3,12,3
IDRD492,No,Mostly,4,2,1,3,13,2
IDSL323,No,Sometimes,4,3,1,3,12,4
IDRD488,No,Sometimes,2,3,1,3,11,2
IDRD035,Yes,Sometimes,1,3,1,3,11,4
IDRD541,No,Sometimes,2,3,5,3,13,3
IDRD670,No,Sometimes,3,2,4,3,16,2
IDSL366,No,Sometimes,4,4,2,3,14,3
IDHR030,No,Sometimes,3,2,1,3,18,2
IDSL027,No,Mostly,4,2,2,3,19,3
IDRD742,Yes,Sometimes,3,3,1,3,13,2
IDSL170,Yes,Sometimes,3,2,1,3,14,3
IDRD111,Yes,Sometimes,1,3,1,3,18,3
IDRD682,No,Sometimes,2,3,3,3,18,3
IDSL401,No,Sometimes,4,3,2,3,15,2
IDSL206,No,Mostly,4,3,3,3,11,3
IDRD316,No,No,4,1,2,4,22,2
IDRD178,No,Sometimes,1,3,1,3,14,2
IDRD197,No,Mostly,2,4,5,4,20,3
IDRD948,No,Sometimes,2,1,3,3,19,2
IDSL278,No,Mostly,2,2,2,3,14,3
IDRD607,No,Sometimes,4,3,2,3,15,2
IDRD277,No,Sometimes,4,3,2,3,11,3
IDRD091,No,Mostly,1,3,2,3,17,3
IDHR054,No,Sometimes,3,3,1,4,20,3
IDSL213,Yes,No,4,2,4,3,11,3
IDRD540,No,Mostly,2,2,1,3,11,3
IDSL372,No,Sometimes,2,3,1,3,19,3
IDRD686,No,No,3,3,1,3,12,3
IDRD839,No,Sometimes,2,3,4,3,13,3
IDSL108,No,Sometimes,3,3,1,3,13,3
IDSL292,No,Sometimes,4,2,2,3,11,1
IDSL420,No,Mostly,1,3,3,3,12,2
IDSL114,No,Sometimes,4,3,2,3,13,3
IDRD718,Yes,Sometimes,3,2,4,4,22,3
IDRD325,No,Sometimes,3,3,2,3,11,2
IDRD797,Yes,Sometimes,1,3,1,4,20,3
IDSL416,Yes,Mostly,4,1,1,3,12,3
IDRD069,Yes,Sometimes,4,2,1,3,17,2
IDRD941,No,Sometimes,1,3,1,3,16,3
IDSL198,No,Sometimes,3,3,1,3,12,4
IDRD772,No,Sometimes,3,3,2,3,18,3
IDRD834,Yes,Sometimes,4,3,3,3,11,4
IDRD011,Yes,Sometimes,3,1,1,3,18,3
IDRD058,No,Sometimes,2,3,4,3,11,3
IDSL182,No,Sometimes,1,2,1,4,24,4
IDRD724,Yes,Sometimes,2,3,1,3,14,3
IDRD575,No,Sometimes,4,2,1,3,13,3
IDSL006,No,Sometimes,2,3,1,3,16,3
IDSL077,Yes,Mostly,4,2,1,3,17,4
IDRD710,No,Sometimes,3,3,2,3,17,3
IDSL099,Yes,Mostly,1,3,3,3,12,3
IDRD639,No,Sometimes,2,2,1,3,13,3
IDSL144,No,Mostly,3,4,5,3,11,3
IDRD448,No,Mostly,4,3,1,3,15,3
IDRD164,No,Sometimes,3,1,1,3,12,3
IDRD547,No,Sometimes,3,2,2,3,14,3
IDRD421,No,Sometimes,4,2,3,3,13,2
IDRD898,No,Sometimes,3,2,1,3,18,2
IDRD502,No,Sometimes,3,4,2,3,11,3
IDRD737,Yes,Mostly,1,1,1,3,13,1
IDRD063,No,Sometimes,4,3,3,3,11,3
IDRD687,No,Mostly,2,3,2,3,12,2
IDSL257,No,Mostly,3,2,2,3,13,3
IDSL060,No,No,1,3,3,3,15,3
IDRD150,No,Sometimes,2,2,2,3,13,3
IDRD840,No,Sometimes,3,3,1,3,18,3
IDRD148,Yes,Mostly,4,1,2,3,14,2
IDRD704,No,Mostly,1,3,2,3,13,2
IDRD949,Yes,Sometimes,4,2,2,3,13,3
IDRD382,No,No,4,3,2,4,25,4
IDSL176,No,Sometimes,4,3,2,3,12,3
IDSL355,No,No,2,3,2,3,11,3
IDRD845,No,Mostly,3,3,3,3,11,3
IDRD879,No,Sometimes,3,4,3,3,13,3
IDRD914,No,Sometimes,1,1,2,3,14,2
IDRD450,No,Sometimes,2,2,1,3,16,3
IDRD068,No,Sometimes,3,3,5,4,25,4
IDRD809,Yes,Sometimes,3,1,1,3,11,1
IDSL241,No,Mostly,1,3,3,3,11,4
IDRD109,No,Sometimes,4,3,4,3,13,2
IDSL252,Yes,Mostly,2,3,2,3,12,3
IDSL265,No,Sometimes,4,1,4,4,20,3
IDSL433,No,Sometimes,3,3,1,3,19,3
IDRD250,Yes,Sometimes,1,2,1,3,12,2
IDRD900,No,Sometimes,1,3,1,4,20,3
IDRD666,No,Sometimes,4,3,3,3,11,3
IDRD142,No,Sometimes,2,3,3,3,11,3
IDRD665,No,Mostly,3,1,2,3,14,4
IDSL230,No,Sometimes,1,3,2,3,18,3
IDHR055,Yes,No,4,2,1,3,14,4
IDHR015,No,No,2,3,2,3,18,2
IDRD050,No,Sometimes,3,3,1,3,11,2
IDRD655,No,Sometimes,3,1,1,3,11,3
IDRD832,No,Sometimes,3,3,1,4,21,2
IDRD052,No,Sometimes,1,3,1,3,14,3
IDRD499,Yes,Sometimes,2,4,1,3,17,3
IDSL427,Yes,Sometimes,3,1,2,3,12,2
IDSL417,No,Sometimes,4,3,2,3,13,3
IDRD269,No,Sometimes,4,2,1,3,11,3
IDSL189,No,Sometimes,3,1,2,3,14,3
IDRD833,No,Sometimes,4,3,4,3,12,1
IDRD786,No,Sometimes,1,3,2,3,11,3
IDRD663,Yes,Sometimes,2,2,1,3,14,2
IDRD256,No,Sometimes,4,2,3,3,16,3
IDHR062,Yes,Sometimes,1,4,5,3,12,3
IDSL291,No,Sometimes,4,3,2,3,15,3
IDRD237,No,Sometimes,1,1,1,3,13,3
IDRD332,No,Sometimes,2,3,1,3,19,3
IDRD006,No,Sometimes,3,3,2,3,13,3
IDRD482,No,Sometimes,4,2,5,3,15,3
IDSL279,No,Sometimes,2,3,2,3,11,3
IDRD223,Yes,Mostly,4,2,2,3,12,1
IDRD401,Yes,Mostly,3,3,2,4,20,3
IDRD413,No,Sometimes,3,3,1,3,14,3
IDSL073,Yes,Sometimes,1,2,2,3,18,3
IDHR001,Yes,Sometimes,2,3,2,3,16,4
IDRD279,No,Sometimes,3,2,1,3,13,3
IDRD389,No,Sometimes,1,3,3,3,12,2
IDRD161,No,No,1,3,1,3,14,3
IDRD674,No,Sometimes,2,3,4,3,12,3
IDRD528,No,Sometimes,3,3,1,3,15,3
IDRD688,No,Sometimes,2,1,5,3,11,3
IDRD673,No,Sometimes,3,2,1,3,13,3
IDRD203,No,No,3,3,2,4,22,4
IDRD864,No,Sometimes,3,3,1,3,12,3
IDRD101,No,Sometimes,1,3,2,4,20,3
IDSL212,Yes,Mostly,1,2,3,3,11,2
IDRD526,No,Mostly,3,3,1,3,19,3
IDRD817,No,Sometimes,1,3,2,3,14,3
IDSL009,No,Sometimes,2,3,2,3,12,3
IDRD842,No,Sometimes,4,3,1,3,15,1
IDRD266,No,Mostly,3,3,2,3,13,3
IDSL381,No,Mostly,4,3,1,3,12,4
IDRD938,No,Sometimes,3,2,2,3,14,3
IDRD275,No,No,3,2,1,3,13,3
IDRD512,No,Sometimes,4,2,3,3,18,1
IDSL038,No,Sometimes,2,3,1,3,13,3
IDRD659,No,Mostly,4,2,2,3,16,3
IDSL136,No,Sometimes,3,3,5,3,11,1
IDRD490,No,Sometimes,1,3,4,4,21,3
IDRD453,No,Sometimes,4,2,4,3,13,3
IDRD584,No,Sometimes,4,1,1,3,17,2
IDSL051,No,Sometimes,4,2,2,3,14,4
IDRD964,No,Mostly,4,2,1,3,11,3
IDRD383,No,Mostly,3,4,1,3,14,2
IDRD131,Yes,Sometimes,4,3,1,3,11,2
IDSL309,No,No,3,2,2,3,13,3
IDRD680,No,Sometimes,1,3,1,4,22,2
IDRD823,No,Sometimes,2,3,1,3,17,3
IDRD127,Yes,No,3,2,1,3,13,3
IDRD043,No,Sometimes,2,3,3,3,11,3
IDSL010,No,No,4,4,1,4,23,3
IDRD695,No,No,4,2,1,3,12,3
IDRD931,No,Sometimes,4,4,3,3,13,2
IDSL314,No,Sometimes,3,3,2,3,17,4
IDSL153,No,Sometimes,4,3,1,4,23,4
IDRD365,No,Sometimes,4,3,2,4,20,3
IDRD675,Yes,Mostly,2,3,1,4,22,2
IDRD245,No,Sometimes,3,3,4,3,16,3
IDRD693,No,Sometimes,3,2,2,4,25,3
IDRD611,No,Sometimes,4,2,1,3,12,1
IDRD367,No,Sometimes,2,3,5,3,13,3
IDRD066,No,Sometimes,4,1,1,3,12,4
IDSL351,Yes,Sometimes,2,2,2,4,22,3
IDRD051,No,Sometimes,3,1,3,4,24,2
IDSL016,No,No,4,3,3,4,20,3
IDRD531,No,Sometimes,1,3,1,3,11,3
IDSL281,Yes,Mostly,1,2,3,3,17,1
IDRD096,No,Sometimes,4,3,1,3,14,3
IDRD024,No,Sometimes,2,4,2,3,12,2
IDRD792,No,Sometimes,1,3,1,3,11,3
IDRD768,No,Sometimes,1,3,2,3,12,3
IDRD905,No,Mostly,4,3,2,3,12,4
IDRD280,No,Sometimes,2,3,2,3,11,3
IDRD719,No,Sometimes,2,3,2,3,13,2
IDRD543,No,Sometimes,3,3,4,3,11,2
IDRD046,Yes,Sometimes,4,2,1,3,13,3
IDRD094,No,Sometimes,1,2,4,3,12,3
IDRD306,No,Sometimes,2,2,3,3,16,3
IDSL313,No,Mostly,3,3,2,3,16,4
IDRD725,No,Sometimes,3,3,1,4,21,4
IDSL296,No,Sometimes,3,3,2,3,17,3
IDRD497,Yes,Sometimes,2,2,1,3,13,1
IDRD292,No,Sometimes,1,3,3,3,15,1
IDRD893,No,Sometimes,3,3,3,3,12,3
IDRD242,Yes,Mostly,4,1,1,3,11,3
IDRD930,No,Sometimes,1,3,1,3,11,2
IDRD151,No,Mostly,2,3,1,3,16,3
IDRD629,No,Sometimes,4,3,1,3,17,3
IDRD751,No,Sometimes,1,3,1,3,13,2
IDSL021,No,Sometimes,1,3,2,3,12,3
IDSL249,No,Sometimes,4,3,2,3,15,4
IDRD911,No,Mostly,4,1,1,4,20,3
IDRD149,No,Sometimes,3,3,1,3,14,3
IDRD865,No,Sometimes,2,4,2,3,11,3
IDSL321,Yes,Sometimes,4,3,1,3,13,3
IDSL423,Yes,Sometimes,1,3,1,3,18,1
IDRD212,No,Mostly,3,3,2,3,17,3
IDRD321,No,Sometimes,1,4,1,3,14,1
IDRD789,No,Sometimes,4,2,5,4,22,3
IDRD694,Yes,Sometimes,4,3,3,3,13,3
IDHR036,No,No,4,3,1,4,25,3
IDRD463,No,Sometimes,3,2,1,4,22,3
IDSL277,Yes,Sometimes,2,3,2,3,12,2
IDRD782,No,Sometimes,3,2,2,4,25,3
IDSL231,Yes,Sometimes,3,3,3,3,12,3
IDRD824,No,Sometimes,3,2,4,3,18,3
IDSL096,No,Mostly,3,3,3,3,12,3
IDRD489,No,Sometimes,2,4,3,3,15,2
IDRD059,No,Sometimes,2,3,4,3,14,4
IDRD473,No,Sometimes,4,3,1,3,13,2
IDRD961,No,Sometimes,2,3,1,3,16,3
IDHR028,No,Sometimes,3,2,3,3,19,3
IDRD689,No,Mostly,4,3,2,4,20,4
IDRD537,No,Mostly,1,2,2,3,11,2
IDRD555,No,Sometimes,3,4,2,3,11,3
IDRD766,No,Sometimes,2,3,2,3,14,4
IDSL164,No,Sometimes,4,2,3,3,15,3
IDRD867,No,Sometimes,1,3,1,4,23,3
IDSL264,No,Sometimes,4,3,4,3,12,3
IDRD758,No,Sometimes,1,2,2,3,13,3
IDSL266,Yes,Mostly,1,3,1,3,19,2
IDRD129,No,Sometimes,4,2,2,3,14,3
IDRD374,No,Mostly,3,3,1,3,15,3
IDRD369,Yes,Mostly,3,2,1,3,16,3
IDSL143,Yes,No,2,3,2,3,17,3
IDSL362,No,Mostly,3,3,2,3,14,3
IDSL129,Yes,Sometimes,2,3,1,3,18,3
IDRD157,No,Sometimes,1,3,2,3,11,1
IDRD761,No,Sometimes,3,4,1,4,23,3
IDSL124,No,Sometimes,4,2,3,3,12,3
IDRD048,No,Sometimes,1,2,1,3,11,3
IDSL015,No,Sometimes,3,3,2,3,18,4
IDRD888,No,Sometimes,2,3,2,3,12,4
IDHR014,No,Sometimes,3,2,4,3,13,3
IDRD018,No,No,2,3,1,3,13,3
IDRD870,No,No,1,3,2,3,11,3
IDRD511,No,No,4,2,2,3,14,2
IDRD329,No,Sometimes,1,2,1,3,14,4
IDRD485,Yes,Mostly,3,2,1,3,11,4
IDRD025,No,No,2,3,2,3,14,3
IDSL232,Yes,Sometimes,3,2,1,3,13,3
IDRD227,No,Sometimes,2,2,2,4,21,3
IDRD276,No,Sometimes,2,3,1,3,14,4
IDRD743,Yes,Sometimes,2,2,1,3,14,2
IDSL093,No,Sometimes,2,1,2,3,11,3
IDRD574,No,Sometimes,3,3,5,3,13,4
IDRD965,No,Mostly,4,2,1,3,13,3
IDRD338,No,Sometimes,2,3,1,3,17,2
IDRD790,No,Sometimes,1,3,5,3,15,3
IDSL398,No,Sometimes,4,3,2,3,13,2
IDRD139,No,Sometimes,3,3,1,4,22,1
IDRD897,No,Sometimes,4,3,1,3,11,2
IDRD430,No,Sometimes,4,3,1,3,18,3
IDRD362,No,Sometimes,3,2,2,3,11,3
IDRD257,No,Mostly,4,3,3,3,12,3
IDSL370,No,Sometimes,4,3,3,3,12,3
IDSL404,No,Sometimes,2,3,2,3,14,3
IDRD146,Yes,Sometimes,2,2,3,4,20,1
IDRD378,Yes,Mostly,4,2,3,4,20,1
IDRD509,No,Sometimes,3,3,1,3,19,3
IDHR060,Yes,Mostly,1,2,1,3,14,3
IDSL379,No,Sometimes,3,2,3,3,12,2
IDRD107,No,Sometimes,2,4,3,3,11,2
IDRD723,No,No,4,3,1,3,11,3
IDHR040,No,Mostly,4,3,2,4,23,3
IDSL384,Yes,Sometimes,1,4,1,3,18,2
IDSL253,Yes,Sometimes,3,2,2,3,14,4
IDRD322,No,Sometimes,4,3,4,3,11,3
IDSL048,Yes,No,1,2,1,3,18,2
IDSL216,No,No,2,2,5,3,17,3
IDRD656,Yes,Sometimes,3,2,1,3,18,3
IDRD226,No,No,1,3,1,3,13,1
IDRD207,No,Sometimes,4,3,4,4,24,4
IDSL052,No,Mostly,2,3,4,3,12,4
IDSL400,No,Sometimes,2,1,2,3,11,3
IDRD007,Yes,Sometimes,4,2,1,3,15,3
IDRD825,No,Sometimes,2,4,1,3,13,2
IDRD125,No,Sometimes,3,3,4,3,14,3
IDHR033,Yes,No,1,2,1,3,12,1
IDRD026,No,No,4,1,1,3,12,3
IDSL070,No,Sometimes,3,3,2,3,19,2
IDHR058,No,No,2,2,2,3,14,3
IDHR011,No,Sometimes,3,4,1,3,14,3
IDSL157,No,Mostly,1,4,3,3,19,2
IDRD956,No,Mostly,1,2,2,3,11,3
IDSL407,No,Sometimes,4,3,3,3,13,3
IDRD271,No,Sometimes,3,2,5,3,12,3
IDRD412,No,Mostly,4,4,1,3,16,3
IDSL086,No,Mostly,2,2,2,3,18,3
IDRD372,Yes,Sometimes,1,2,1,3,16,3
IDRD811,No,Sometimes,2,3,2,3,15,3
IDSL222,No,Sometimes,3,3,1,3,17,3
IDRD634,No,Mostly,2,3,5,3,13,2
IDRD873,Yes,Sometimes,4,2,2,3,11,3
IDHR013,No,No,3,3,2,3,13,2
IDRD578,No,Sometimes,3,3,3,3,12,1
IDRD147,No,Mostly,3,3,2,3,12,3
IDRD641,No,No,1,3,1,3,14,3
IDRD598,No,Sometimes,3,3,1,3,14,2
IDRD272,No,Sometimes,2,3,3,3,11,3
IDRD788,No,No,1,3,3,3,14,4
IDRD749,No,Sometimes,3,3,3,3,18,3
IDRD849,Yes,Mostly,3,2,1,3,17,3
IDSL248,No,Sometimes,3,3,2,3,18,4
IDSL350,No,Sometimes,1,3,3,3,12,2
IDSL183,No,Sometimes,2,3,5,3,15,4
IDRD231,No,Sometimes,2,4,1,3,17,3
IDRD755,No,Sometimes,4,3,4,3,11,3
IDSL331,No,Sometimes,3,3,4,3,16,3
IDSL029,No,Sometimes,3,3,1,4,22,3
IDSL239,No,Mostly,4,3,4,4,25,4
IDSL318,Yes,Sometimes,1,3,1,3,12,3
IDRD806,No,Mostly,3,3,1,3,11,3
IDRD556,Yes,Sometimes,3,1,3,4,21,2
IDRD188,No,Sometimes,1,3,2,3,13,3
IDSL078,No,Sometimes,3,3,3,3,12,3
IDRD468,No,Sometimes,1,2,1,3,11,2
IDRD334,No,Mostly,2,1,2,3,12,3
IDRD534,No,Sometimes,4,3,4,3,14,3
IDRD324,No,Sometimes,1,3,5,3,11,3
IDRD222,No,Sometimes,3,2,2,4,23,3
IDSL145,No,Sometimes,2,2,2,3,12,4
IDRD396,No,Sometimes,3,4,2,3,12,2
IDSL304,No,Sometimes,3,2,5,3,12,3
IDSL065,Yes,Sometimes,3,3,2,3,16,2
IDRD083,No,No,4,3,3,3,12,3
IDSL061,No,No,4,3,2,3,12,3
IDSL169,No,No,4,1,2,3,14,3
IDRD327,No,Sometimes,1,4,2,3,15,4
IDSL258,No,Sometimes,3,1,2,3,18,2
IDRD061,No,Sometimes,4,3,3,3,12,3
IDRD239,No,Sometimes,1,3,2,4,20,3
IDRD516,Yes,No,4,2,1,4,23,3
IDRD483,No,Sometimes,4,3,1,3,14,2
IDSL028,Yes,Sometimes,4,3,2,3,17,3
IDRD176,No,Mostly,2,3,2,3,12,2
IDRD267,No,Sometimes,1,3,2,3,16,2
IDRD126,No,Mostly,2,2,2,3,12,3
IDSL307,No,No,3,3,1,4,21,4
IDRD183,No,No,3,1,3,3,14,4
IDRD225,No,Mostly,1,3,2,3,14,2
IDRD697,No,Mostly,2,4,5,3,11,3
IDRD398,No,Sometimes,3,3,2,3,13,2
IDSL368,No,Sometimes,4,3,3,3,14,3
IDSL299,No,Mostly,2,3,2,3,13,4
IDSL429,No,Sometimes,3,3,2,3,11,1
IDRD721,No,No,4,2,1,3,14,1
IDSL251,No,Sometimes,1,4,4,3,11,3
IDSL002,Yes,Sometimes,4,3,1,3,13,3
IDHR020,No,Mostly,1,3,1,3,13,3
IDRD099,Yes,Sometimes,2,3,1,3,12,2
IDRD653,Yes,No,1,3,1,3,14,1
IDRD875,Yes,Sometimes,4,2,4,3,16,4
IDSL156,No,Sometimes,3,4,4,3,12,3
IDSL329,No,No,2,4,2,3,14,2
IDSL349,Yes,Sometimes,2,3,1,3,11,4
IDSL375,No,Sometimes,4,3,3,3,11,3
IDSL138,No,Mostly,1,3,3,4,21,2
IDRD343,No,Sometimes,3,3,2,3,11,3
IDRD775,No,Sometimes,4,4,4,4,21,2
IDSL190,No,Sometimes,1,2,2,3,12,3
IDRD561,Yes,Sometimes,3,3,1,3,17,3
IDSL135,Yes,Mostly,4,2,1,3,14,4
IDRD962,No,Sometimes,4,3,4,3,12,3
IDSL032,No,Mostly,3,3,1,3,13,3
IDRD913,No,Sometimes,3,3,5,3,12,3
IDRD899,No,Mostly,2,3,2,3,11,3
IDSL326,No,No,4,2,2,4,25,1
IDSL440,No,Sometimes,1,3,2,3,15,3
IDHR022,No,Sometimes,3,4,2,3,16,4
IDRD474,No,Sometimes,1,2,2,3,12,3
